athlete,athlete_id,region,meet,meet_id,date,place,length,gender,age,event,event_id,time,time_sec,rank ,club,participation
Alex,,서울시,강동구청장기,,2025-01-25,강동구민회관,25m,M,20-24,Free50,,0:24'08,,,,T
,,서울시,강동구청장기,,2025-01-25,강동구민회관,25m,M,20-24,Free50,,0:25'98,,,,T
,,서울시,강동구청장기,,2025-01-25,강동구민회관,25m,M,20-24,Free50,,0:26'21,,,,T
,,서울시,강동구청장기,,2025-01-25,강동구민회관,25m,M,20-24,Free50,,0:26'62,,,,T
,,서울시,강동구청장기,,2025-01-25,강동구민회관,25m,M,20-24,Free50,,0:26'97,,,,T
,,서울시,강동구청장기,,2025-01-25,강동구민회관,25m,M,20-24,Free50,,0:27'82,,,,T
,,서울시,강동구청장기,,2025-01-25,강동구민회관,25m,M,20-24,Free50,,0:28'19,,,,T
,,서울시,강동구청장기,,2025-01-25,강동구민회관,25m,M,20-24,Free50,,0:29'06,,,,T
,,서울시,강동구청장기,,2025-01-25,강동구민회관,25m,M,20-24,Free50,,0:30'28,,,,T
,,서울시,강동구청장기,,2025-01-25,강동구민회관,25m,M,20-24,Free50,,0:30'89,,,,T
Taylor,,서울시,강동구청장기,,2025-01-25,강동구민회관,25m,M,25-29,Free50,,0:24'67,,,,T
,,서울시,강동구청장기,,2025-01-25,강동구민회관,25m,M,25-29,Free50,,0:25'22,,,,T
,,서울시,강동구청장기,,2025-01-25,강동구민회관,25m,M,25-29,Free50,,0:25'53,,,,T
,,서울시,강동구청장기,,2025-01-25,강동구민회관,25m,M,25-29,Free50,,0:25'62,,,,T
,,서울시,강동구청장기,,2025-01-25,강동구민회관,25m,M,25-29,Free50,,0:28'44,,,,T
,,서울시,강동구청장기,,2025-01-25,강동구민회관,25m,M,25-29,Free50,,0:28'65,,,,T
,,서울시,강동구청장기,,2025-01-25,강동구민회관,25m,M,25-29,Free50,,0:30'21,,,,T
,,서울시,강동구청장기,,2025-01-25,강동구민회관,25m,M,25-29,Free50,,0:30'53,,,,T
,,서울시,강동구청장기,,2025-01-25,강동구민회관,25m,M,25-29,Free50,,0:31'16,,,,T
,,서울시,강동구청장기,,2025-01-25,강동구민회관,25m,M,25-29,Free50,,0:31'32,,,,T
,,서울시,강동구청장기,,2025-01-25,강동구민회관,25m,M,25-29,Free50,,0:32'21,,,,T
Kelly,,서울시,강동구청장기,,2025-01-25,강동구민회관,25m,F,20-24,Free50,,0:30'75,,,,T
,,서울시,강동구청장기,,2025-01-25,강동구민회관,25m,F,20-24,Free50,,0:31'90,,,,T
,,서울시,강동구청장기,,2025-01-25,강동구민회관,25m,F,20-24,Free50,,0:32'37,,,,T
,,서울시,강동구청장기,,2025-01-25,강동구민회관,25m,F,20-24,Free50,,0:33'37,,,,T
,,서울시,강동구청장기,,2025-01-25,강동구민회관,25m,F,20-24,Free50,,0:33'59,,,,T
,,서울시,강동구청장기,,2025-01-25,강동구민회관,25m,F,20-24,Free50,,0:33'90,,,,T
,,서울시,강동구청장기,,2025-01-25,강동구민회관,25m,F,20-24,Free50,,0:35'31,,,,T
,,서울시,강동구청장기,,2025-01-25,강동구민회관,25m,F,20-24,Free50,,0:36'05,,,,T
,,서울시,강동구청장기,,2025-01-25,강동구민회관,25m,F,20-24,Free50,,0:37'49,,,,T
,,서울시,강동구청장기,,2025-01-25,강동구민회관,25m,F,20-24,Free50,,0:41'59,,,,T
Hannah,,서울시,강동구청장기,,2025-01-25,강동구민회관,25m,F,25-29,Free50,,0:30'53,,,,T
,,서울시,강동구청장기,,2025-01-25,강동구민회관,25m,F,25-29,Free50,,0:31'82,,,,T
,,서울시,강동구청장기,,2025-01-25,강동구민회관,25m,F,25-29,Free50,,0:32'31,,,,T
,,서울시,강동구청장기,,2025-01-25,강동구민회관,25m,F,25-29,Free50,,0:37'14,,,,T
,,서울시,강동구청장기,,2025-01-25,강동구민회관,25m,F,25-29,Free50,,0:39'30,,,,T
,,서울시,강동구청장기,,2025-01-25,강동구민회관,25m,F,25-29,Free50,,0:44'08,,,,T
,,서울시,강동구청장기,,2025-01-25,강동구민회관,25m,F,25-29,Free50,,0:44'59,,,,T
,,서울시,강동구청장기,,2025-01-25,강동구민회관,25m,F,25-29,Free50,,0:51'63,,,,T
,,서울시,강동구청장기,,2025-01-25,강동구민회관,25m,F,25-29,Free50,,0:41'59,,,,T
,,서울시,강동구청장기,,2025-01-25,강동구민회관,25m,F,25-29,Free50,,0:49'20,,,,T
Jordan,,서울시,강동구청장기,,2025-01-25,강동구민회관,25m,M,20-24,Free100,,1:16'54,,,Flow,T
,,서울시,강동구청장기,,2025-01-25,강동구민회관,25m,M,20-24,Free100,,1:16'91,,,,T
,,서울시,강동구청장기,,2025-01-25,강동구민회관,25m,M,20-24,Free100,,1:19'64,,,,T
,,서울시,강동구청장기,,2025-01-25,강동구민회관,25m,M,20-24,Free100,,1:26'35,,,,T
,,서울시,강동구청장기,,2025-01-25,강동구민회관,25m,M,20-24,Free100,,1:27'28,,,,T
,,서울시,강동구청장기,,2025-01-25,강동구민회관,25m,M,20-24,Free100,,1:28'14,,,,T
,,서울시,강동구청장기,,2025-01-25,강동구민회관,25m,M,20-24,Free100,,1:32'57,,,,T
,,서울시,강동구청장기,,2025-01-25,강동구민회관,25m,M,20-24,Free100,,1:34'06,,,,T
,,서울시,강동구청장기,,2025-01-25,강동구민회관,25m,M,20-24,Free100,,1:28'27,,,,T
,,서울시,강동구청장기,,2025-01-25,강동구민회관,25m,M,20-24,Free100,,1:35'81,,,,T
Morgan,,서울시,강동구청장기,,2025-01-25,강동구민회관,25m,M,25-29,Free100,,0:50'50,,,Finz,T
,,서울시,강동구청장기,,2025-01-25,강동구민회관,25m,M,25-29,Free100,,0:51'54,,,,T
,,서울시,강동구청장기,,2025-01-25,강동구민회관,25m,M,25-29,Free100,,0:51'65,,,,T
,,서울시,강동구청장기,,2025-01-25,강동구민회관,25m,M,25-29,Free100,,0:52'66,,,,T
,,서울시,강동구청장기,,2025-01-25,강동구민회관,25m,M,25-29,Free100,,0:54'02,,,,T
,,서울시,강동구청장기,,2025-01-25,강동구민회관,25m,M,25-29,Free100,,0:52'85,,,,T
,,서울시,강동구청장기,,2025-01-25,강동구민회관,25m,M,25-29,Free100,,0:57'62,,,,T
,,서울시,강동구청장기,,2025-01-25,강동구민회관,25m,M,25-29,Free100,,1:00'69,,,,T
,,서울시,강동구청장기,,2025-01-25,강동구민회관,25m,M,25-29,Free100,,1:02'02,,,,T
,,서울시,강동구청장기,,2025-01-25,강동구민회관,25m,M,25-29,Free100,,1:09'90,,,,T
Casey,,서울시,강동구청장기,,2025-01-25,강동구민회관,25m,F,20-24,Free100,,1:02'57,,,Tide,T
,,서울시,강동구청장기,,2025-01-25,강동구민회관,25m,F,20-24,Free100,,1:03'89,,,,T
,,서울시,강동구청장기,,2025-01-25,강동구민회관,25m,F,20-24,Free100,,1:04'33,,,,T
,,서울시,강동구청장기,,2025-01-25,강동구민회관,25m,F,20-24,Free100,,1:04'98,,,,T
,,서울시,강동구청장기,,2025-01-25,강동구민회관,25m,F,20-24,Free100,,1:05'91,,,,T
,,서울시,강동구청장기,,2025-01-25,강동구민회관,25m,F,20-24,Free100,,1:06'01,,,,T
,,서울시,강동구청장기,,2025-01-25,강동구민회관,25m,F,20-24,Free100,,0:57'77,,,,T
,,서울시,강동구청장기,,2025-01-25,강동구민회관,25m,F,20-24,Free100,,0:58'65,,,,T
,,서울시,강동구청장기,,2025-01-25,강동구민회관,25m,F,20-24,Free100,,0:59'11,,,,T
,,서울시,강동구청장기,,2025-01-25,강동구민회관,25m,F,20-24,Free100,,1:16'98,,,,T
Riley,,서울시,강동구청장기,,2025-01-25,강동구민회관,25m,F,25-29,Free100,,1:09'79,,,Hydro,T
,,서울시,강동구청장기,,2025-01-25,강동구민회관,25m,F,25-29,Free100,,1:15'04,,,,T
,,서울시,강동구청장기,,2025-01-25,강동구민회관,25m,F,25-29,Free100,,1:07'03,,,,T
,,서울시,강동구청장기,,2025-01-25,강동구민회관,25m,F,25-29,Free100,,1:16'95,,,,T
,,서울시,강동구청장기,,2025-01-25,강동구민회관,25m,F,25-29,Free100,,1:19'88,,,,T
,,서울시,강동구청장기,,2025-01-25,강동구민회관,25m,F,25-29,Free100,,1:21'77,,,,T
,,서울시,강동구청장기,,2025-01-25,강동구민회관,25m,F,25-29,Free100,,1:06'31,,,,T
,,서울시,강동구청장기,,2025-01-25,강동구민회관,25m,F,25-29,Free100,,1:07'21,,,,T
,,서울시,강동구청장기,,2025-01-25,강동구민회관,25m,F,25-29,Free100,,1:08'29,,,,T
,,서울시,강동구청장기,,2025-01-25,강동구민회관,25m,F,25-29,Free100,,1:12'42,,,,T
Avery,,서울시,강동구청장기,,2025-01-25,강동구민회관,25m,M,20-24,Fly50,,0:25'77,,,Surge,T
,,서울시,강동구청장기,,2025-01-25,강동구민회관,25m,M,20-24,Fly50,,0:26'79,,,,T
,,서울시,강동구청장기,,2025-01-25,강동구민회관,25m,M,20-24,Fly50,,0:28'13,,,,T
,,서울시,강동구청장기,,2025-01-25,강동구민회관,25m,M,20-24,Fly50,,0:30'71,,,,T
,,서울시,강동구청장기,,2025-01-25,강동구민회관,25m,M,20-24,Fly50,,0:32'63,,,,T
,,서울시,강동구청장기,,2025-01-25,강동구민회관,25m,M,20-24,Fly50,,0:32'97,,,,T
,,서울시,강동구청장기,,2025-01-25,강동구민회관,25m,M,20-24,Fly50,,0:33'70,,,,T
,,서울시,강동구청장기,,2025-01-25,강동구민회관,25m,M,20-24,Fly50,,0:29'79,,,,T
,,서울시,강동구청장기,,2025-01-25,강동구민회관,25m,M,20-24,Fly50,,0:26'48,,,,T
,,서울시,강동구청장기,,2025-01-25,강동구민회관,25m,M,20-24,Fly50,,0:27'38,,,,T
Jamie,,서울시,강동구청장기,,2025-01-25,강동구민회관,25m,M,25-29,Fly50,,0:29'62,,,Dash,T
,,서울시,강동구청장기,,2025-01-25,강동구민회관,25m,M,25-29,Fly50,,0:29'67,,,,T
,,서울시,강동구청장기,,2025-01-25,강동구민회관,25m,M,25-29,Fly50,,0:32'42,,,,T
,,서울시,강동구청장기,,2025-01-25,강동구민회관,25m,M,25-29,Fly50,,0:32'87,,,,T
,,서울시,강동구청장기,,2025-01-25,강동구민회관,25m,M,25-29,Fly50,,0:33'65,,,,T
,,서울시,강동구청장기,,2025-01-25,강동구민회관,25m,M,25-29,Fly50,,0:40'42,,,,T
,,서울시,강동구청장기,,2025-01-25,강동구민회관,25m,M,25-29,Fly50,,0:34'06,,,,T
,,서울시,강동구청장기,,2025-01-25,강동구민회관,25m,M,25-29,Fly50,,0:34'86,,,,T
,,서울시,강동구청장기,,2025-01-25,강동구민회관,25m,M,25-29,Fly50,,0:36'44,,,,T
,,서울시,강동구청장기,,2025-01-25,강동구민회관,25m,M,25-29,Fly50,,0:40'52,,,,T
Quinn,,서울시,강동구청장기,,2025-01-25,강동구민회관,25m,F,20-24,Fly50,,0:33'85,,,Drip,T
,,서울시,강동구청장기,,2025-01-25,강동구민회관,25m,F,20-24,Fly50,,0:35'09,,,,T
,,서울시,강동구청장기,,2025-01-25,강동구민회관,25m,F,20-24,Fly50,,0:35'95,,,,T
,,서울시,강동구청장기,,2025-01-25,강동구민회관,25m,F,20-24,Fly50,,0:36'95,,,,T
,,서울시,강동구청장기,,2025-01-25,강동구민회관,25m,F,20-24,Fly50,,0:40'05,,,,T
,,서울시,강동구청장기,,2025-01-25,강동구민회관,25m,F,20-24,Fly50,,0:46'34,,,,T
,,서울시,강동구청장기,,2025-01-25,강동구민회관,25m,F,20-24,Fly50,,0:40'80,,,,T
,,서울시,강동구청장기,,2025-01-25,강동구민회관,25m,F,20-24,Fly50,,0:33'48,,,,T
,,서울시,강동구청장기,,2025-01-25,강동구민회관,25m,F,20-24,Fly50,,0:33'85,,,,T
,,서울시,강동구청장기,,2025-01-25,강동구민회관,25m,F,20-24,Fly50,,0:50'79,,,,T
Cameron,,서울시,강동구청장기,,2025-01-25,강동구민회관,25m,F,25-29,Fly50,,0:35'60,,,Wavz,T
,,서울시,강동구청장기,,2025-01-25,강동구민회관,25m,F,25-29,Fly50,,0:37'12,,,,T
,,서울시,강동구청장기,,2025-01-25,강동구민회관,25m,F,25-29,Fly50,,0:40'51,,,,T
,,서울시,강동구청장기,,2025-01-25,강동구민회관,25m,F,25-29,Fly50,,0:40'68,,,,T
,,서울시,강동구청장기,,2025-01-25,강동구민회관,25m,F,25-29,Fly50,,0:41'91,,,,T
,,서울시,강동구청장기,,2025-01-25,강동구민회관,25m,F,25-29,Fly50,,0:42'98,,,,T
,,서울시,강동구청장기,,2025-01-25,강동구민회관,25m,F,25-29,Fly50,,0:43'06,,,,T
,,서울시,강동구청장기,,2025-01-25,강동구민회관,25m,F,25-29,Fly50,,0:44'28,,,,T
,,서울시,강동구청장기,,2025-01-25,강동구민회관,25m,F,25-29,Fly50,,0:47'55,,,,T
,,서울시,강동구청장기,,2025-01-25,강동구민회관,25m,F,25-29,Fly50,,0:43'94,,,,T
Dakota,,서울시,강동구청장기,,2025-01-25,강동구민회관,25m,M,20-24,Fly100,,0:53'67,,,Aqua,T
,,서울시,강동구청장기,,2025-01-25,강동구민회관,25m,M,20-24,Fly100,,0:54'51,,,,T
,,서울시,강동구청장기,,2025-01-25,강동구민회관,25m,M,20-24,Fly100,,0:55'04,,,,T
,,서울시,강동구청장기,,2025-01-25,강동구민회관,25m,M,20-24,Fly100,,0:57'76,,,,T
,,서울시,강동구청장기,,2025-01-25,강동구민회관,25m,M,20-24,Fly100,,0:58'86,,,,T
,,서울시,강동구청장기,,2025-01-25,강동구민회관,25m,M,20-24,Fly100,,0:59'26,,,,T
,,서울시,강동구청장기,,2025-01-25,강동구민회관,25m,M,20-24,Fly100,,1:01'42,,,,T
,,서울시,강동구청장기,,2025-01-25,강동구민회관,25m,M,20-24,Fly100,,1:01'51,,,,T
,,서울시,강동구청장기,,2025-01-25,강동구민회관,25m,M,20-24,Fly100,,1:03'42,,,,T
,,서울시,강동구청장기,,2025-01-25,강동구민회관,25m,M,20-24,Fly100,,1:29'06,,,,T
Skyler,,서울시,강동구청장기,,2025-01-25,강동구민회관,25m,M,25-29,Fly100,,56.9,,,,T
,,서울시,강동구청장기,,2025-01-25,강동구민회관,25m,M,25-29,Fly100,,56.85,,,,T
,,서울시,강동구청장기,,2025-01-25,강동구민회관,25m,M,25-29,Fly100,,56.72,,,,T
,,서울시,강동구청장기,,2025-01-25,강동구민회관,25m,M,25-29,Fly100,,56.72,,,,T
,,서울시,강동구청장기,,2025-01-25,강동구민회관,25m,M,25-29,Fly100,,56.42,,,,T
,,서울시,강동구청장기,,2025-01-25,강동구민회관,25m,M,25-29,Fly100,,55.8,,,,T
,,서울시,강동구청장기,,2025-01-25,강동구민회관,25m,M,25-29,Fly100,,55.77,,,,T
,,서울시,강동구청장기,,2025-01-25,강동구민회관,25m,M,25-29,Fly100,,55.5,,,,T
,,서울시,강동구청장기,,2025-01-25,강동구민회관,25m,M,25-29,Fly100,,54.98,,,,T
,,서울시,강동구청장기,,2025-01-25,강동구민회관,25m,M,25-29,Fly100,,52,,,,T
Rowan,,서울시,강동구청장기,,2025-01-25,강동구민회관,25m,F,20-24,Fly100,,1:11.00,,,,T
,,서울시,강동구청장기,,2025-01-25,강동구민회관,25m,F,20-24,Fly100,,1:10.53,,,,T
,,서울시,강동구청장기,,2025-01-25,강동구민회관,25m,F,20-24,Fly100,,1:10.13,,,,T
,,서울시,강동구청장기,,2025-01-25,강동구민회관,25m,F,20-24,Fly100,,1:09.44,,,,T
,,서울시,강동구청장기,,2025-01-25,강동구민회관,25m,F,20-24,Fly100,,1:09.00,,,,T
,,서울시,강동구청장기,,2025-01-25,강동구민회관,25m,F,20-24,Fly100,,1:09.00,,,,T
,,서울시,강동구청장기,,2025-01-25,강동구민회관,25m,F,20-24,Fly100,,1:08.98,,,,T
,,서울시,강동구청장기,,2025-01-25,강동구민회관,25m,F,20-24,Fly100,,1:08.00,,,,T
,,서울시,강동구청장기,,2025-01-25,강동구민회관,25m,F,20-24,Fly100,,1:07.32,,,,T
,,서울시,강동구청장기,,2025-01-25,강동구민회관,25m,F,20-24,Fly100,,1:07.30,,,,T
Sage,,서울시,강동구청장기,,2025-01-25,강동구민회관,25m,F,25-29,Fly100,,1:19.99,,,,T
,,서울시,강동구청장기,,2025-01-25,강동구민회관,25m,F,25-29,Fly100,,1:19.69,,,,T
,,서울시,강동구청장기,,2025-01-25,강동구민회관,25m,F,25-29,Fly100,,1:18.72,,,,T
,,서울시,강동구청장기,,2025-01-25,강동구민회관,25m,F,25-29,Fly100,,1:16.37,,,,T
,,서울시,강동구청장기,,2025-01-25,강동구민회관,25m,F,25-29,Fly100,,1:16.03,,,,T
,,서울시,강동구청장기,,2025-01-25,강동구민회관,25m,F,25-29,Fly100,,1:15.84,,,,T
,,서울시,강동구청장기,,2025-01-25,강동구민회관,25m,F,25-29,Fly100,,1:15.17,,,,T
,,서울시,강동구청장기,,2025-01-25,강동구민회관,25m,F,25-29,Fly100,,1:14.90,,,,T
,,서울시,강동구청장기,,2025-01-25,강동구민회관,25m,F,25-29,Fly100,,1:14.26,,,,T
,,서울시,강동구청장기,,2025-01-25,강동구민회관,25m,F,25-29,Fly100,,1:13.40,,,,T
Claire ,,서울시,강동구청장기,,2025-01-25,강동구민회관,25m,M,20-24,Fly200,,2:22.02,,,,T
,,서울시,강동구청장기,,2025-01-25,강동구민회관,25m,M,20-24,Fly200,,2:21.29,,,,T
,,서울시,강동구청장기,,2025-01-25,강동구민회관,25m,M,20-24,Fly200,,2:20.05,,,,T
,,서울시,강동구청장기,,2025-01-25,강동구민회관,25m,M,20-24,Fly200,,2:15.00,,,,T
,,서울시,강동구청장기,,2025-01-25,강동구민회관,25m,M,20-24,Fly200,,2:13.82,,,,T
,,서울시,강동구청장기,,2025-01-25,강동구민회관,25m,M,20-24,Fly200,,2:11.00,,,,T
,,서울시,강동구청장기,,2025-01-25,강동구민회관,25m,M,20-24,Fly200,,2:10.00,,,,T
,,서울시,강동구청장기,,2025-01-25,강동구민회관,25m,M,20-24,Fly200,,2:09.13,,,,T
,,서울시,강동구청장기,,2025-01-25,강동구민회관,25m,M,20-24,Fly200,,2:06.39,,,,T
,,서울시,강동구청장기,,2025-01-25,강동구민회관,25m,M,20-24,Fly200,,2:06.00,,,,T
Emery,,서울시,강동구청장기,,2025-01-25,강동구민회관,25m,M,25-29,Fly200,,2:30.00,,,,T
,,서울시,강동구청장기,,2025-01-25,강동구민회관,25m,M,25-29,Fly200,,2:27.83,,,,T
,,서울시,강동구청장기,,2025-01-25,강동구민회관,25m,M,25-29,Fly200,,2:27.27,,,,T
,,서울시,강동구청장기,,2025-01-25,강동구민회관,25m,M,25-29,Fly200,,2:26.78,,,,T
,,서울시,강동구청장기,,2025-01-25,강동구민회관,25m,M,25-29,Fly200,,2:26.40,,,,T
,,서울시,강동구청장기,,2025-01-25,강동구민회관,25m,M,25-29,Fly200,,2:25.01,,,,T
,,서울시,강동구청장기,,2025-01-25,강동구민회관,25m,M,25-29,Fly200,,2:23.86,,,,T
,,서울시,강동구청장기,,2025-01-25,강동구민회관,25m,M,25-29,Fly200,,2:23.33,,,,T
,,서울시,강동구청장기,,2025-01-25,강동구민회관,25m,M,25-29,Fly200,,2:22.40,,,,T
,,서울시,강동구청장기,,2025-01-25,강동구민회관,25m,M,25-29,Fly200,,2:22.13,,,,T
Reese,,서울시,강동구청장기,,2025-01-25,강동구민회관,25m,F,20-24,Fly200,,2:45.50,,,,T
,,서울시,강동구청장기,,2025-01-25,강동구민회관,25m,F,20-24,Fly200,,2:35.66,,,,T
,,서울시,강동구청장기,,2025-01-25,강동구민회관,25m,F,20-24,Fly200,,2:34.35,,,,T
,,서울시,강동구청장기,,2025-01-25,강동구민회관,25m,F,20-24,Fly200,,2:32.00,,,,T
,,서울시,강동구청장기,,2025-01-25,강동구민회관,25m,F,20-24,Fly200,,2:31.38,,,,T
,,서울시,강동구청장기,,2025-01-25,강동구민회관,25m,F,20-24,Fly200,,2:30.96,,,,T
,,서울시,강동구청장기,,2025-01-25,강동구민회관,25m,F,20-24,Fly200,,2:30.70,,,,T
,,서울시,강동구청장기,,2025-01-25,강동구민회관,25m,F,20-24,Fly200,,2:30.56,,,,T
,,서울시,강동구청장기,,2025-01-25,강동구민회관,25m,F,20-24,Fly200,,2:30.23,,,,T
,,서울시,강동구청장기,,2025-01-25,강동구민회관,25m,F,20-24,Fly200,,2:27.95,,,,T
Finley,,서울시,강동구청장기,,2025-01-25,강동구민회관,25m,F,25-29,Fly200,,2:42.38,,,,T
,,서울시,강동구청장기,,2025-01-25,강동구민회관,25m,F,25-29,Fly200,,2:35.67,,,,T
,,서울시,강동구청장기,,2025-01-25,강동구민회관,25m,F,25-29,Fly200,,2:33.20,,,,T
,,서울시,강동구청장기,,2025-01-25,강동구민회관,25m,F,25-29,Fly200,,2:32.15,,,,T
,,서울시,강동구청장기,,2025-01-25,강동구민회관,25m,F,25-29,Fly200,,2:30.00,,,,T
,,서울시,강동구청장기,,2025-01-25,강동구민회관,25m,F,25-29,Fly200,,2:27.44,,,,T
,,서울시,강동구청장기,,2025-01-25,강동구민회관,25m,F,25-29,Fly200,,2:27.30,,,,T
,,서울시,강동구청장기,,2025-01-25,강동구민회관,25m,F,25-29,Fly200,,2:25.00,,,,T
,,서울시,강동구청장기,,2025-01-25,강동구민회관,25m,F,25-29,Fly200,,2:24.90,,,,T
,,서울시,강동구청장기,,2025-01-25,강동구민회관,25m,F,25-29,Fly200,,2:22.98,,,,T
Drew,,서울시,강동구청장기,,2025-01-25,강동구민회관,25m,M,20-24,Back50,,0:30'08,,,Dash,T
,,서울시,강동구청장기,,2025-01-25,강동구민회관,25m,M,20-24,Back50,,0:30'94,,,,T
,,서울시,강동구청장기,,2025-01-25,강동구민회관,25m,M,20-24,Back50,,0:30'28,,,,T
,,서울시,강동구청장기,,2025-01-25,강동구민회관,25m,M,20-24,Back50,,0:30'36,,,,T
,,서울시,강동구청장기,,2025-01-25,강동구민회관,25m,M,20-24,Back50,,0:33'18,,,,T
,,서울시,강동구청장기,,2025-01-25,강동구민회관,25m,M,20-24,Back50,,0:35'05,,,,T
,,서울시,강동구청장기,,2025-01-25,강동구민회관,25m,M,20-24,Back50,,0:39'17,,,,T
,,서울시,강동구청장기,,2025-01-25,강동구민회관,25m,M,20-24,Back50,,0:43'25,,,,T
,,서울시,강동구청장기,,2025-01-25,강동구민회관,25m,M,20-24,Back50,,0:36'09,,,,T
,,서울시,강동구청장기,,2025-01-25,강동구민회관,25m,M,20-24,Back50,,0:41'68,,,,T
Parker,,서울시,강동구청장기,,2025-01-25,강동구민회관,25m,M,25-29,Back50,,0:32'71,,,Drip,T
,,서울시,강동구청장기,,2025-01-25,강동구민회관,25m,M,25-29,Back50,,0:48'01,,,,T
,,서울시,강동구청장기,,2025-01-25,강동구민회관,25m,M,25-29,Back50,,0:34'73,,,,T
,,서울시,강동구청장기,,2025-01-25,강동구민회관,25m,M,25-29,Back50,,0:36'03,,,,T
,,서울시,강동구청장기,,2025-01-25,강동구민회관,25m,M,25-29,Back50,,0:37'14,,,,T
,,서울시,강동구청장기,,2025-01-25,강동구민회관,25m,M,25-29,Back50,,0:37'70,,,,T
,,서울시,강동구청장기,,2025-01-25,강동구민회관,25m,M,25-29,Back50,,0:38'48,,,,T
,,서울시,강동구청장기,,2025-01-25,강동구민회관,25m,M,25-29,Back50,,0:43'61,,,,T
,,서울시,강동구청장기,,2025-01-25,강동구민회관,25m,M,25-29,Back50,,0:35'63,,,,T
,,서울시,강동구청장기,,2025-01-25,강동구민회관,25m,M,25-29,Back50,,0:36'08,,,,T
Ian,,서울시,강동구청장기,,2025-01-25,강동구민회관,25m,F,20-24,Back50,,0:34'11,,,Wavz,T
,,서울시,강동구청장기,,2025-01-25,강동구민회관,25m,F,20-24,Back50,,0:38'42,,,,T
,,서울시,강동구청장기,,2025-01-25,강동구민회관,25m,F,20-24,Back50,,0:38'93,,,,T
,,서울시,강동구청장기,,2025-01-25,강동구민회관,25m,F,20-24,Back50,,0:39'93,,,,T
,,서울시,강동구청장기,,2025-01-25,강동구민회관,25m,F,20-24,Back50,,0:40'15,,,,T
,,서울시,강동구청장기,,2025-01-25,강동구민회관,25m,F,20-24,Back50,,0:46'80,,,,T
,,서울시,강동구청장기,,2025-01-25,강동구민회관,25m,F,20-24,Back50,,0:49'02,,,,T
,,서울시,강동구청장기,,2025-01-25,강동구민회관,25m,F,20-24,Back50,,0:49'38,,,,T
,,서울시,강동구청장기,,2025-01-25,강동구민회관,25m,F,20-24,Back50,,0:50'89,,,,T
,,서울시,강동구청장기,,2025-01-25,강동구민회관,25m,F,20-24,Back50,,0:36'38,,,,T
Jason,,서울시,강동구청장기,,2025-01-25,강동구민회관,25m,F,25-29,Back50,,0:38'88,,,,T
,,서울시,강동구청장기,,2025-01-25,강동구민회관,25m,F,25-29,Back50,,0:38'99,,,,T
,,서울시,강동구청장기,,2025-01-25,강동구민회관,25m,F,25-29,Back50,,0:42'31,,,,T
,,서울시,강동구청장기,,2025-01-25,강동구민회관,25m,F,25-29,Back50,,0:42'48,,,,T
,,서울시,강동구청장기,,2025-01-25,강동구민회관,25m,F,25-29,Back50,,0:41'94,,,,T
,,서울시,강동구청장기,,2025-01-25,강동구민회관,25m,F,25-29,Back50,,0:45'14,,,,T
,,서울시,강동구청장기,,2025-01-25,강동구민회관,25m,F,25-29,Back50,,0:47'23,,,,T
,,서울시,강동구청장기,,2025-01-25,강동구민회관,25m,F,25-29,Back50,,0:47'35,,,,T
,,서울시,강동구청장기,,2025-01-25,강동구민회관,25m,F,25-29,Back50,,0:49'92,,,,T
,,서울시,강동구청장기,,2025-01-25,강동구민회관,25m,F,25-29,Back50,,0:57'32,,,,T
Mina,,서울시,강동구청장기,,2025-01-25,강동구민회관,25m,M,20-24,Back100,,1:16'26,,,,T
,,서울시,강동구청장기,,2025-01-25,강동구민회관,25m,M,20-24,Back100,,1:25'09,,,,T
,,서울시,강동구청장기,,2025-01-25,강동구민회관,25m,M,20-24,Back100,,1:03'38,,,,T
,,서울시,강동구청장기,,2025-01-25,강동구민회관,25m,M,20-24,Back100,,1:07'01,,,,T
,,서울시,강동구청장기,,2025-01-25,강동구민회관,25m,M,20-24,Back100,,1:07'10,,,,T
,,서울시,강동구청장기,,2025-01-25,강동구민회관,25m,M,20-24,Back100,,1:09'81,,,,T
,,서울시,강동구청장기,,2025-01-25,강동구민회관,25m,M,20-24,Back100,,1:12'37,,,,T
,,서울시,강동구청장기,,2025-01-25,강동구민회관,25m,M,20-24,Back100,,0:55'52,,,,T
,,서울시,강동구청장기,,2025-01-25,강동구민회관,25m,M,20-24,Back100,,0:57'96,,,,T
,,서울시,강동구청장기,,2025-01-25,강동구민회관,25m,M,20-24,Back100,,0:59'36,,,,T
,,서울시,강동구청장기,,2025-01-25,강동구민회관,25m,M,25-29,Back100,,1:00'73,,,,T
,,서울시,강동구청장기,,2025-01-25,강동구민회관,25m,M,25-29,Back100,,1:01'15,,,,T
,,서울시,강동구청장기,,2025-01-25,강동구민회관,25m,M,25-29,Back100,,1:36'43,,,,T
,,서울시,강동구청장기,,2025-01-25,강동구민회관,25m,M,25-29,Back100,,1:26'87,,,,T
,,서울시,강동구청장기,,2025-01-25,강동구민회관,25m,M,25-29,Back100,,1:31'46,,,,T
,,서울시,강동구청장기,,2025-01-25,강동구민회관,25m,M,25-29,Back100,,1:24'70,,,,T
,,서울시,강동구청장기,,2025-01-25,강동구민회관,25m,M,25-29,Back100,,1:31'95,,,,T
,,서울시,강동구청장기,,2025-01-25,강동구민회관,25m,M,25-29,Back100,,1:23'75,,,,T
,,서울시,강동구청장기,,2025-01-25,강동구민회관,25m,M,25-29,Back100,,1:31'77,,,,T
,,서울시,강동구청장기,,2025-01-25,강동구민회관,25m,M,25-29,Back100,,1:21'27,,,,T
,,서울시,강동구청장기,,2025-01-25,강동구민회관,25m,F,20-24,Back100,,1:02'09,,,,T
,,서울시,강동구청장기,,2025-01-25,강동구민회관,25m,F,20-24,Back100,,1:05'34,,,,T
,,서울시,강동구청장기,,2025-01-25,강동구민회관,25m,F,20-24,Back100,,1:05'44,,,,T
,,서울시,강동구청장기,,2025-01-25,강동구민회관,25m,F,20-24,Back100,,1:05'61,,,,T
,,서울시,강동구청장기,,2025-01-25,강동구민회관,25m,F,20-24,Back100,,1:05'83,,,,T
,,서울시,강동구청장기,,2025-01-25,강동구민회관,25m,F,20-24,Back100,,1:08'80,,,,T
,,서울시,강동구청장기,,2025-01-25,강동구민회관,25m,F,20-24,Back100,,1:12'44,,,,T
,,서울시,강동구청장기,,2025-01-25,강동구민회관,25m,F,20-24,Back100,,1:16'77,,,,T
,,서울시,강동구청장기,,2025-01-25,강동구민회관,25m,F,20-24,Back100,,1:25'53,,,,T
,,서울시,강동구청장기,,2025-01-25,강동구민회관,25m,F,20-24,Back100,,1:32'98,,,,T
,,서울시,강동구청장기,,2025-01-25,강동구민회관,25m,F,25-29,Back100,,1:09.67,,,,T
,,서울시,강동구청장기,,2025-01-25,강동구민회관,25m,F,25-29,Back100,,1:08.50,,,,T
,,서울시,강동구청장기,,2025-01-25,강동구민회관,25m,F,25-29,Back100,,1:08.35,,,,T
,,서울시,강동구청장기,,2025-01-25,강동구민회관,25m,F,25-29,Back100,,1:08.00,,,,T
,,서울시,강동구청장기,,2025-01-25,강동구민회관,25m,F,25-29,Back100,,1:07.50,,,,T
,,서울시,강동구청장기,,2025-01-25,강동구민회관,25m,F,25-29,Back100,,1:07.00,,,,T
,,서울시,강동구청장기,,2025-01-25,강동구민회관,25m,F,25-29,Back100,,1:05.45,,,,T
,,서울시,강동구청장기,,2025-01-25,강동구민회관,25m,F,25-29,Back100,,1:04.88,,,,T
,,서울시,강동구청장기,,2025-01-25,강동구민회관,25m,F,25-29,Back100,,1:04.47,,,,T
,,서울시,강동구청장기,,2025-01-25,강동구민회관,25m,F,25-29,Back100,,1:04.12,,,,T
,,서울시,강동구청장기,,2025-01-25,강동구민회관,25m,M,20-24,Back200,,2:30.94,,,,T
,,서울시,강동구청장기,,2025-01-25,강동구민회관,25m,M,20-24,Back200,,2:30.62,,,,T
,,서울시,강동구청장기,,2025-01-25,강동구민회관,25m,M,20-24,Back200,,2:26.95,,,,T
,,서울시,강동구청장기,,2025-01-25,강동구민회관,25m,M,20-24,Back200,,2:25.95,,,,T
,,서울시,강동구청장기,,2025-01-25,강동구민회관,25m,M,20-24,Back200,,2:24.69,,,,T
,,서울시,강동구청장기,,2025-01-25,강동구민회관,25m,M,20-24,Back200,,2:24.58,,,,T
,,서울시,강동구청장기,,2025-01-25,강동구민회관,25m,M,20-24,Back200,,2:21.98,,,,T
,,서울시,강동구청장기,,2025-01-25,강동구민회관,25m,M,20-24,Back200,,2:18.57,,,,T
,,서울시,강동구청장기,,2025-01-25,강동구민회관,25m,M,20-24,Back200,,2:16.35,,,,T
,,서울시,강동구청장기,,2025-01-25,강동구민회관,25m,M,20-24,Back200,,2:15.93,,,,T
,,서울시,강동구청장기,,2025-01-25,강동구민회관,25m,M,25-29,Back200,,2:21.98,,,,T
,,서울시,강동구청장기,,2025-01-25,강동구민회관,25m,M,25-29,Back200,,2:21.95,,,,T
,,서울시,강동구청장기,,2025-01-25,강동구민회관,25m,M,25-29,Back200,,2:18.85,,,,T
,,서울시,강동구청장기,,2025-01-25,강동구민회관,25m,M,25-29,Back200,,2:18.05,,,,T
,,서울시,강동구청장기,,2025-01-25,강동구민회관,25m,M,25-29,Back200,,2:18.00,,,,T
,,서울시,강동구청장기,,2025-01-25,강동구민회관,25m,M,25-29,Back200,,2:17.42,,,,T
,,서울시,강동구청장기,,2025-01-25,강동구민회관,25m,M,25-29,Back200,,2:15.98,,,,T
,,서울시,강동구청장기,,2025-01-25,강동구민회관,25m,M,25-29,Back200,,2:12.50,,,,T
,,서울시,강동구청장기,,2025-01-25,강동구민회관,25m,M,25-29,Back200,,2:08.50,,,,T
,,서울시,강동구청장기,,2025-01-25,강동구민회관,25m,M,25-29,Back200,,2:08.15,,,,T
,,서울시,강동구청장기,,2025-01-25,강동구민회관,25m,F,20-24,Back200,,2:44.07,,,,T
,,서울시,강동구청장기,,2025-01-25,강동구민회관,25m,F,20-24,Back200,,2:43.65,,,,T
,,서울시,강동구청장기,,2025-01-25,강동구민회관,25m,F,20-24,Back200,,2:42.94,,,,T
,,서울시,강동구청장기,,2025-01-25,강동구민회관,25m,F,20-24,Back200,,2:41.98,,,,T
,,서울시,강동구청장기,,2025-01-25,강동구민회관,25m,F,20-24,Back200,,2:41.09,,,,T
,,서울시,강동구청장기,,2025-01-25,강동구민회관,25m,F,20-24,Back200,,2:41.02,,,,T
,,서울시,강동구청장기,,2025-01-25,강동구민회관,25m,F,20-24,Back200,,2:40.42,,,,T
,,서울시,강동구청장기,,2025-01-25,강동구민회관,25m,F,20-24,Back200,,2:39.78,,,,T
,,서울시,강동구청장기,,2025-01-25,강동구민회관,25m,F,20-24,Back200,,2:37.16,,,,T
,,서울시,강동구청장기,,2025-01-25,강동구민회관,25m,F,20-24,Back200,,2:36.43,,,,T
,,서울시,강동구청장기,,2025-01-25,강동구민회관,25m,F,25-29,Back200,,2:34.92,,,,T
,,서울시,강동구청장기,,2025-01-25,강동구민회관,25m,F,25-29,Back200,,2:34.33,,,,T
,,서울시,강동구청장기,,2025-01-25,강동구민회관,25m,F,25-29,Back200,,2:34.10,,,,T
,,서울시,강동구청장기,,2025-01-25,강동구민회관,25m,F,25-29,Back200,,2:33.88,,,,T
,,서울시,강동구청장기,,2025-01-25,강동구민회관,25m,F,25-29,Back200,,2:30.30,,,,T
,,서울시,강동구청장기,,2025-01-25,강동구민회관,25m,F,25-29,Back200,,2:30.00,,,,T
,,서울시,강동구청장기,,2025-01-25,강동구민회관,25m,F,25-29,Back200,,2:30.00,,,,T
,,서울시,강동구청장기,,2025-01-25,강동구민회관,25m,F,25-29,Back200,,2:29.86,,,,T
,,서울시,강동구청장기,,2025-01-25,강동구민회관,25m,F,25-29,Back200,,2:29.00,,,,T
,,서울시,강동구청장기,,2025-01-25,강동구민회관,25m,F,25-29,Back200,,2:21.12,,,,T
,,서울시,강동구청장기,,2025-01-25,강동구민회관,25m,M,20-24,Breast50,,0:36'01,,,,T
,,서울시,강동구청장기,,2025-01-25,강동구민회관,25m,M,20-24,Breast50,,0:36'17,,,,T
,,서울시,강동구청장기,,2025-01-25,강동구민회관,25m,M,20-24,Breast50,,0:37'82,,,,T
,,서울시,강동구청장기,,2025-01-25,강동구민회관,25m,M,20-24,Breast50,,0:38'90,,,,T
,,서울시,강동구청장기,,2025-01-25,강동구민회관,25m,M,20-24,Breast50,,0:40'10,,,,T
,,서울시,강동구청장기,,2025-01-25,강동구민회관,25m,M,20-24,Breast50,,0:40'89,,,,T
,,서울시,강동구청장기,,2025-01-25,강동구민회관,25m,M,20-24,Breast50,,0:41'25,,,,T
,,서울시,강동구청장기,,2025-01-25,강동구민회관,25m,M,20-24,Breast50,,0:42'33,,,,T
,,서울시,강동구청장기,,2025-01-25,강동구민회관,25m,M,20-24,Breast50,,0:42'62,,,,T
,,서울시,강동구청장기,,2025-01-25,강동구민회관,25m,M,20-24,Breast50,,0:43'55,,,,T
,,서울시,강동구청장기,,2025-01-25,강동구민회관,25m,M,25-29,Breast50,,0:32'80,,,,T
,,서울시,강동구청장기,,2025-01-25,강동구민회관,25m,M,25-29,Breast50,,0:34'32,,,,T
,,서울시,강동구청장기,,2025-01-25,강동구민회관,25m,M,25-29,Breast50,,0:34'72,,,,T
,,서울시,강동구청장기,,2025-01-25,강동구민회관,25m,M,25-29,Breast50,,0:36'13,,,,T
,,서울시,강동구청장기,,2025-01-25,강동구민회관,25m,M,25-29,Breast50,,0:39'67,,,,T
,,서울시,강동구청장기,,2025-01-25,강동구민회관,25m,M,25-29,Breast50,,0:35'64,,,,T
,,서울시,강동구청장기,,2025-01-25,강동구민회관,25m,M,25-29,Breast50,,0:33'70,,,,T
,,서울시,강동구청장기,,2025-01-25,강동구민회관,25m,M,25-29,Breast50,,0:40'35,,,,T
,,서울시,강동구청장기,,2025-01-25,강동구민회관,25m,M,25-29,Breast50,,0:41'97,,,,T
,,서울시,강동구청장기,,2025-01-25,강동구민회관,25m,M,25-29,Breast50,,0:42'21,,,,T
,,서울시,강동구청장기,,2025-01-25,강동구민회관,25m,F,20-24,Breast50,,0:43'73,,,,T
,,서울시,강동구청장기,,2025-01-25,강동구민회관,25m,F,20-24,Breast50,,0:45'34,,,,T
,,서울시,강동구청장기,,2025-01-25,강동구민회관,25m,F,20-24,Breast50,,0:46'33,,,,T
,,서울시,강동구청장기,,2025-01-25,강동구민회관,25m,F,20-24,Breast50,,0:47'60,,,,T
,,서울시,강동구청장기,,2025-01-25,강동구민회관,25m,F,20-24,Breast50,,0:49'36,,,,T
,,서울시,강동구청장기,,2025-01-25,강동구민회관,25m,F,20-24,Breast50,,0:41'66,,,,T
,,서울시,강동구청장기,,2025-01-25,강동구민회관,25m,F,20-24,Breast50,,0:48'79,,,,T
,,서울시,강동구청장기,,2025-01-25,강동구민회관,25m,F,20-24,Breast50,,0:48'93,,,,T
,,서울시,강동구청장기,,2025-01-25,강동구민회관,25m,F,20-24,Breast50,,0:49'10,,,,T
,,서울시,강동구청장기,,2025-01-25,강동구민회관,25m,F,20-24,Breast50,,1:05'43,,,,T
,,서울시,강동구청장기,,2025-01-25,강동구민회관,25m,F,25-29,Breast50,,0:40'38,,,,T
,,서울시,강동구청장기,,2025-01-25,강동구민회관,25m,F,25-29,Breast50,,0:40'99,,,,T
,,서울시,강동구청장기,,2025-01-25,강동구민회관,25m,F,25-29,Breast50,,0:41'83,,,,T
,,서울시,강동구청장기,,2025-01-25,강동구민회관,25m,F,25-29,Breast50,,0:45'95,,,,T
,,서울시,강동구청장기,,2025-01-25,강동구민회관,25m,F,25-29,Breast50,,0:48'25,,,,T
,,서울시,강동구청장기,,2025-01-25,강동구민회관,25m,F,25-29,Breast50,,0:48'85,,,,T
,,서울시,강동구청장기,,2025-01-25,강동구민회관,25m,F,25-29,Breast50,,0:53'15,,,,T
,,서울시,강동구청장기,,2025-01-25,강동구민회관,25m,F,25-29,Breast50,,0:57'19,,,,T
,,서울시,강동구청장기,,2025-01-25,강동구민회관,25m,F,25-29,Breast50,,0:41'25,,,,T
,,서울시,강동구청장기,,2025-01-25,강동구민회관,25m,F,25-29,Breast50,,0:48'33,,,,T
,,서울시,강동구청장기,,2025-01-25,강동구민회관,25m,M,20-24,Breast100,,1:36'50,,,,T
,,서울시,강동구청장기,,2025-01-25,강동구민회관,25m,M,20-24,Breast100,,1:37'16,,,,T
,,서울시,강동구청장기,,2025-01-25,강동구민회관,25m,M,20-24,Breast100,,1:41'87,,,,T
,,서울시,강동구청장기,,2025-01-25,강동구민회관,25m,M,20-24,Breast100,,1:42'04,,,,T
,,서울시,강동구청장기,,2025-01-25,강동구민회관,25m,M,20-24,Breast100,,1:48'10,,,,T
,,서울시,강동구청장기,,2025-01-25,강동구민회관,25m,M,20-24,Breast100,,2:05'18,,,,T
,,서울시,강동구청장기,,2025-01-25,강동구민회관,25m,M,20-24,Breast100,,1:16'31,,,,T
,,서울시,강동구청장기,,2025-01-25,강동구민회관,25m,M,20-24,Breast100,,1:20'14,,,,T
,,서울시,강동구청장기,,2025-01-25,강동구민회관,25m,M,20-24,Breast100,,1:21'21,,,,T
,,서울시,강동구청장기,,2025-01-25,강동구민회관,25m,M,20-24,Breast100,,1:46'16,,,,T
,,서울시,강동구청장기,,2025-01-25,강동구민회관,25m,M,25-29,Breast100,,1:03'00,,,,T
,,서울시,강동구청장기,,2025-01-25,강동구민회관,25m,M,25-29,Breast100,,1:03'33,,,,T
,,서울시,강동구청장기,,2025-01-25,강동구민회관,25m,M,25-29,Breast100,,1:03'78,,,,T
,,서울시,강동구청장기,,2025-01-25,강동구민회관,25m,M,25-29,Breast100,,1:06'49,,,,T
,,서울시,강동구청장기,,2025-01-25,강동구민회관,25m,M,25-29,Breast100,,1:06'71,,,,T
,,서울시,강동구청장기,,2025-01-25,강동구민회관,25m,M,25-29,Breast100,,1:09'58,,,,T
,,서울시,강동구청장기,,2025-01-25,강동구민회관,25m,M,25-29,Breast100,,1:11'03,,,,T
,,서울시,강동구청장기,,2025-01-25,강동구민회관,25m,M,25-29,Breast100,,1:11'50,,,,T
,,서울시,강동구청장기,,2025-01-25,강동구민회관,25m,M,25-29,Breast100,,1:13'91,,,,T
,,서울시,강동구청장기,,2025-01-25,강동구민회관,25m,M,25-29,Breast100,,1:19'34,,,,T
,,서울시,강동구청장기,,2025-01-25,강동구민회관,25m,F,20-24,Breast100,,1:08'43,,,,T
,,서울시,강동구청장기,,2025-01-25,강동구민회관,25m,F,20-24,Breast100,,1:13'21,,,,T
,,서울시,강동구청장기,,2025-01-25,강동구민회관,25m,F,20-24,Breast100,,1:16'95,,,,T
,,서울시,강동구청장기,,2025-01-25,강동구민회관,25m,F,20-24,Breast100,,1:18'26,,,,T
,,서울시,강동구청장기,,2025-01-25,강동구민회관,25m,F,20-24,Breast100,,1:20'58,,,,T
,,서울시,강동구청장기,,2025-01-25,강동구민회관,25m,F,20-24,Breast100,,1:23'69,,,,T
,,서울시,강동구청장기,,2025-01-25,강동구민회관,25m,F,20-24,Breast100,,1:27'14,,,,T
,,서울시,강동구청장기,,2025-01-25,강동구민회관,25m,F,20-24,Breast100,,1:24'29,,,,T
,,서울시,강동구청장기,,2025-01-25,강동구민회관,25m,F,20-24,Breast100,,1:27'34,,,,T
,,서울시,강동구청장기,,2025-01-25,강동구민회관,25m,F,20-24,Breast100,,1:31'56,,,,T
,,서울시,강동구청장기,,2025-01-25,강동구민회관,25m,F,25-29,Breast100,,1:47'76,,,,T
,,서울시,강동구청장기,,2025-01-25,강동구민회관,25m,F,25-29,Breast100,,2:18'41,,,,T
,,서울시,강동구청장기,,2025-01-25,강동구민회관,25m,F,25-29,Breast100,,1:38'34,,,,T
,,서울시,강동구청장기,,2025-01-25,강동구민회관,25m,F,25-29,Breast100,,1:35'11,,,,T
,,서울시,강동구청장기,,2025-01-25,강동구민회관,25m,F,25-29,Breast100,,1:37'89,,,,T
,,서울시,강동구청장기,,2025-01-25,강동구민회관,25m,F,25-29,Breast100,,1:28'69,,,,T
,,서울시,강동구청장기,,2025-01-25,강동구민회관,25m,F,25-29,Breast100,,1:30'88,,,,T
,,서울시,강동구청장기,,2025-01-25,강동구민회관,25m,F,25-29,Breast100,,1:30'01,,,,T
,,서울시,강동구청장기,,2025-01-25,강동구민회관,25m,F,25-29,Breast100,,1:38'73,,,,T
,,서울시,강동구청장기,,2025-01-25,강동구민회관,25m,F,25-29,Breast100,,1:24'29,,,,T
,,서울시,강동구청장기,,2025-01-25,강동구민회관,25m,M,20-24,Breast200,,2:30.01,,,,T
,,서울시,강동구청장기,,2025-01-25,강동구민회관,25m,M,20-24,Breast200,,2:30.00,,,,T
,,서울시,강동구청장기,,2025-01-25,강동구민회관,25m,M,20-24,Breast200,,2:27.96,,,,T
,,서울시,강동구청장기,,2025-01-25,강동구민회관,25m,M,20-24,Breast200,,2:27.60,,,,T
,,서울시,강동구청장기,,2025-01-25,강동구민회관,25m,M,20-24,Breast200,,2:26.73,,,,T
,,서울시,강동구청장기,,2025-01-25,강동구민회관,25m,M,20-24,Breast200,,2:25.85,,,,T
,,서울시,강동구청장기,,2025-01-25,강동구민회관,25m,M,20-24,Breast200,,2:24.12,,,,T
,,서울시,강동구청장기,,2025-01-25,강동구민회관,25m,M,20-24,Breast200,,2:23.92,,,,T
,,서울시,강동구청장기,,2025-01-25,강동구민회관,25m,M,20-24,Breast200,,2:22.97,,,,T
,,서울시,강동구청장기,,2025-01-25,강동구민회관,25m,M,20-24,Breast200,,2:20.02,,,,T
,,서울시,강동구청장기,,2025-01-25,강동구민회관,25m,M,25-29,Breast200,,2:30.56,,,,T
,,서울시,강동구청장기,,2025-01-25,강동구민회관,25m,M,25-29,Breast200,,2:30.21,,,,T
,,서울시,강동구청장기,,2025-01-25,강동구민회관,25m,M,25-29,Breast200,,2:30.00,,,,T
,,서울시,강동구청장기,,2025-01-25,강동구민회관,25m,M,25-29,Breast200,,2:28.31,,,,T
,,서울시,강동구청장기,,2025-01-25,강동구민회관,25m,M,25-29,Breast200,,2:27.71,,,,T
,,서울시,강동구청장기,,2025-01-25,강동구민회관,25m,M,25-29,Breast200,,2:27.34,,,,T
,,서울시,강동구청장기,,2025-01-25,강동구민회관,25m,M,25-29,Breast200,,2:27.02,,,,T
,,서울시,강동구청장기,,2025-01-25,강동구민회관,25m,M,25-29,Breast200,,2:23.48,,,,T
,,서울시,강동구청장기,,2025-01-25,강동구민회관,25m,M,25-29,Breast200,,2:19.05,,,,T
,,서울시,강동구청장기,,2025-01-25,강동구민회관,25m,M,25-29,Breast200,,2:13.80,,,,T
,,서울시,강동구청장기,,2025-01-25,강동구민회관,25m,F,20-24,Breast200,,2:46.85,,,,T
,,서울시,강동구청장기,,2025-01-25,강동구민회관,25m,F,20-24,Breast200,,2:46.62,,,,T
,,서울시,강동구청장기,,2025-01-25,강동구민회관,25m,F,20-24,Breast200,,2:44.60,,,,T
,,서울시,강동구청장기,,2025-01-25,강동구민회관,25m,F,20-24,Breast200,,2:43.20,,,,T
,,서울시,강동구청장기,,2025-01-25,강동구민회관,25m,F,20-24,Breast200,,2:43.06,,,,T
,,서울시,강동구청장기,,2025-01-25,강동구민회관,25m,F,20-24,Breast200,,2:42.50,,,,T
,,서울시,강동구청장기,,2025-01-25,강동구민회관,25m,F,20-24,Breast200,,2:42.23,,,,T
,,서울시,강동구청장기,,2025-01-25,강동구민회관,25m,F,20-24,Breast200,,2:41.41,,,,T
,,서울시,강동구청장기,,2025-01-25,강동구민회관,25m,F,20-24,Breast200,,2:41.00,,,,T
,,서울시,강동구청장기,,2025-01-25,강동구민회관,25m,F,20-24,Breast200,,2:40.00,,,,T
,,서울시,강동구청장기,,2025-01-25,강동구민회관,25m,F,25-29,Breast200,,2:55.14,,,,T
,,서울시,강동구청장기,,2025-01-25,강동구민회관,25m,F,25-29,Breast200,,2:55.00,,,,T
,,서울시,강동구청장기,,2025-01-25,강동구민회관,25m,F,25-29,Breast200,,2:54.77,,,,T
,,서울시,강동구청장기,,2025-01-25,강동구민회관,25m,F,25-29,Breast200,,2:53.95,,,,T
,,서울시,강동구청장기,,2025-01-25,강동구민회관,25m,F,25-29,Breast200,,2:52.52,,,,T
,,서울시,강동구청장기,,2025-01-25,강동구민회관,25m,F,25-29,Breast200,,2:50.49,,,,T
,,서울시,강동구청장기,,2025-01-25,강동구민회관,25m,F,25-29,Breast200,,2:47.31,,,,T
,,서울시,강동구청장기,,2025-01-25,강동구민회관,25m,F,25-29,Breast200,,2:46.93,,,,T
,,서울시,강동구청장기,,2025-01-25,강동구민회관,25m,F,25-29,Breast200,,2:39.50,,,,T
,,서울시,강동구청장기,,2025-01-25,강동구민회관,25m,F,25-29,Breast200,,2:32.07,,,,T
,,서울시,강동구청장기,,2025-01-25,강동구민회관,25m,M,20-24,IM200,,2:16.77,,,,T
,,서울시,강동구청장기,,2025-01-25,강동구민회관,25m,M,20-24,IM200,,2:16.72,,,,T
,,서울시,강동구청장기,,2025-01-25,강동구민회관,25m,M,20-24,IM200,,2:16.59,,,,T
,,서울시,강동구청장기,,2025-01-25,강동구민회관,25m,M,20-24,IM200,,2:15.48,,,,T
,,서울시,강동구청장기,,2025-01-25,강동구민회관,25m,M,20-24,IM200,,2:15.00,,,,T
,,서울시,강동구청장기,,2025-01-25,강동구민회관,25m,M,20-24,IM200,,2:15.00,,,,T
,,서울시,강동구청장기,,2025-01-25,강동구민회관,25m,M,20-24,IM200,,2:13.72,,,,T
,,서울시,강동구청장기,,2025-01-25,강동구민회관,25m,M,20-24,IM200,,2:13.07,,,,T
,,서울시,강동구청장기,,2025-01-25,강동구민회관,25m,M,20-24,IM200,,2:09.94,,,,T
,,서울시,강동구청장기,,2025-01-25,강동구민회관,25m,M,20-24,IM200,,2:09.24,,,,T
,,서울시,강동구청장기,,2025-01-25,강동구민회관,25m,M,25-29,IM200,,2:18.00,,,,T
,,서울시,강동구청장기,,2025-01-25,강동구민회관,25m,M,25-29,IM200,,2:17.61,,,,T
,,서울시,강동구청장기,,2025-01-25,강동구민회관,25m,M,25-29,IM200,,2:17.49,,,,T
,,서울시,강동구청장기,,2025-01-25,강동구민회관,25m,M,25-29,IM200,,2:16.39,,,,T
,,서울시,강동구청장기,,2025-01-25,강동구민회관,25m,M,25-29,IM200,,2:16.18,,,,T
,,서울시,강동구청장기,,2025-01-25,강동구민회관,25m,M,25-29,IM200,,2:15.61,,,,T
,,서울시,강동구청장기,,2025-01-25,강동구민회관,25m,M,25-29,IM200,,2:15.00,,,,T
,,서울시,강동구청장기,,2025-01-25,강동구민회관,25m,M,25-29,IM200,,2:10.00,,,,T
,,서울시,강동구청장기,,2025-01-25,강동구민회관,25m,M,25-29,IM200,,2:09.64,,,,T
,,서울시,강동구청장기,,2025-01-25,강동구민회관,25m,M,25-29,IM200,,2:06.74,,,,T
,,서울시,강동구청장기,,2025-01-25,강동구민회관,25m,F,20-24,IM200,,2:32.50,,,,T
,,서울시,강동구청장기,,2025-01-25,강동구민회관,25m,F,20-24,IM200,,2:30.85,,,,T
,,서울시,강동구청장기,,2025-01-25,강동구민회관,25m,F,20-24,IM200,,2:30.81,,,,T
,,서울시,강동구청장기,,2025-01-25,강동구민회관,25m,F,20-24,IM200,,2:30.20,,,,T
,,서울시,강동구청장기,,2025-01-25,강동구민회관,25m,F,20-24,IM200,,2:29.99,,,,T
,,서울시,강동구청장기,,2025-01-25,강동구민회관,25m,F,20-24,IM200,,2:29.45,,,,T
,,서울시,강동구청장기,,2025-01-25,강동구민회관,25m,F,20-24,IM200,,2:28.77,,,,T
,,서울시,강동구청장기,,2025-01-25,강동구민회관,25m,F,20-24,IM200,,2:28.00,,,,T
,,서울시,강동구청장기,,2025-01-25,강동구민회관,25m,F,20-24,IM200,,2:24.81,,,,T
,,서울시,강동구청장기,,2025-01-25,강동구민회관,25m,F,20-24,IM200,,2:22.71,,,,T
,,서울시,강동구청장기,,2025-01-25,강동구민회관,25m,F,25-29,IM200,,2:37.26,,,,T
,,서울시,강동구청장기,,2025-01-25,강동구민회관,25m,F,25-29,IM200,,2:36.69,,,,T
,,서울시,강동구청장기,,2025-01-25,강동구민회관,25m,F,25-29,IM200,,2:35.89,,,,T
,,서울시,강동구청장기,,2025-01-25,강동구민회관,25m,F,25-29,IM200,,2:35.00,,,,T
,,서울시,강동구청장기,,2025-01-25,강동구민회관,25m,F,25-29,IM200,,2:35.00,,,,T
,,서울시,강동구청장기,,2025-01-25,강동구민회관,25m,F,25-29,IM200,,2:34.57,,,,T
,,서울시,강동구청장기,,2025-01-25,강동구민회관,25m,F,25-29,IM200,,2:34.47,,,,T
,,서울시,강동구청장기,,2025-01-25,강동구민회관,25m,F,25-29,IM200,,2:29.00,,,,T
,,서울시,강동구청장기,,2025-01-25,강동구민회관,25m,F,25-29,IM200,,2:25.37,,,,T
,,서울시,강동구청장기,,2025-01-25,강동구민회관,25m,F,25-29,IM200,,2:19.18,,,,T
,,서울시,강동구청장기,,2025-01-25,강동구민회관,25m,M,20-24,IM400,,4:59.78,,,,T
,,서울시,강동구청장기,,2025-01-25,강동구민회관,25m,M,20-24,IM400,,4:58.82,,,,T
,,서울시,강동구청장기,,2025-01-25,강동구민회관,25m,M,20-24,IM400,,4:55.91,,,,T
,,서울시,강동구청장기,,2025-01-25,강동구민회관,25m,M,20-24,IM400,,4:50.00,,,,T
,,서울시,강동구청장기,,2025-01-25,강동구민회관,25m,M,20-24,IM400,,4:46.14,,,,T
,,서울시,강동구청장기,,2025-01-25,강동구민회관,25m,M,20-24,IM400,,4:45.60,,,,T
,,서울시,강동구청장기,,2025-01-25,강동구민회관,25m,M,20-24,IM400,,4:45.50,,,,T
,,서울시,강동구청장기,,2025-01-25,강동구민회관,25m,M,20-24,IM400,,4:45.00,,,,T
,,서울시,강동구청장기,,2025-01-25,강동구민회관,25m,M,20-24,IM400,,4:44.73,,,,T
,,서울시,강동구청장기,,2025-01-25,강동구민회관,25m,M,20-24,IM400,,4:44.41,,,,T
,,서울시,강동구청장기,,2025-01-25,강동구민회관,25m,M,25-29,IM400,,5:00.00,,,,T
,,서울시,강동구청장기,,2025-01-25,강동구민회관,25m,M,25-29,IM400,,5:00.00,,,,T
,,서울시,강동구청장기,,2025-01-25,강동구민회관,25m,M,25-29,IM400,,4:58.43,,,,T
,,서울시,강동구청장기,,2025-01-25,강동구민회관,25m,M,25-29,IM400,,4:58.26,,,,T
,,서울시,강동구청장기,,2025-01-25,강동구민회관,25m,M,25-29,IM400,,4:56.22,,,,T
,,서울시,강동구청장기,,2025-01-25,강동구민회관,25m,M,25-29,IM400,,4:55.72,,,,T
,,서울시,강동구청장기,,2025-01-25,강동구민회관,25m,M,25-29,IM400,,4:55.00,,,,T
,,서울시,강동구청장기,,2025-01-25,강동구민회관,25m,M,25-29,IM400,,4:50.00,,,,T
,,서울시,강동구청장기,,2025-01-25,강동구민회관,25m,M,25-29,IM400,,4:42.68,,,,T
,,서울시,강동구청장기,,2025-01-25,강동구민회관,25m,M,25-29,IM400,,4:36.82,,,,T
,,서울시,강동구청장기,,2025-01-25,강동구민회관,25m,F,20-24,IM400,,5:51.18,,,,T
,,서울시,강동구청장기,,2025-01-25,강동구민회관,25m,F,20-24,IM400,,5:50.91,,,,T
,,서울시,강동구청장기,,2025-01-25,강동구민회관,25m,F,20-24,IM400,,5:45.13,,,,T
,,서울시,강동구청장기,,2025-01-25,강동구민회관,25m,F,20-24,IM400,,5:44.47,,,,T
,,서울시,강동구청장기,,2025-01-25,강동구민회관,25m,F,20-24,IM400,,5:43.93,,,,T
,,서울시,강동구청장기,,2025-01-25,강동구민회관,25m,F,20-24,IM400,,5:35.95,,,,T
,,서울시,강동구청장기,,2025-01-25,강동구민회관,25m,F,20-24,IM400,,5:31.33,,,,T
,,서울시,강동구청장기,,2025-01-25,강동구민회관,25m,F,20-24,IM400,,5:29.60,,,,T
,,서울시,강동구청장기,,2025-01-25,강동구민회관,25m,F,20-24,IM400,,5:26.59,,,,T
,,서울시,강동구청장기,,2025-01-25,강동구민회관,25m,F,20-24,IM400,,5:26.45,,,,T
,,서울시,강동구청장기,,2025-01-25,강동구민회관,25m,F,25-29,IM400,,6:02.06,,,,T
,,서울시,강동구청장기,,2025-01-25,강동구민회관,25m,F,25-29,IM400,,5:54.39,,,,T
,,서울시,강동구청장기,,2025-01-25,강동구민회관,25m,F,25-29,IM400,,5:52.31,,,,T
,,서울시,강동구청장기,,2025-01-25,강동구민회관,25m,F,25-29,IM400,,5:51.61,,,,T
,,서울시,강동구청장기,,2025-01-25,강동구민회관,25m,F,25-29,IM400,,5:51.21,,,,T
,,서울시,강동구청장기,,2025-01-25,강동구민회관,25m,F,25-29,IM400,,5:37.22,,,,T
,,서울시,강동구청장기,,2025-01-25,강동구민회관,25m,F,25-29,IM400,,5:30.78,,,,T
,,서울시,강동구청장기,,2025-01-25,강동구민회관,25m,F,25-29,IM400,,5:30.00,,,,T
,,서울시,강동구청장기,,2025-01-25,강동구민회관,25m,F,25-29,IM400,,5:19.84,,,,T
,,서울시,강동구청장기,,2025-01-25,강동구민회관,25m,F,25-29,IM400,,5:15.76,,,,T
,,서울시,강동구청장기,,2025-01-25,강동구민회관,25m,M,20-24,Free200,,1:57.10,,,,T
,,서울시,강동구청장기,,2025-01-25,강동구민회관,25m,M,20-24,Free200,,1:57.00,,,,T
,,서울시,강동구청장기,,2025-01-25,강동구민회관,25m,M,20-24,Free200,,1:56.91,,,,T
,,서울시,강동구청장기,,2025-01-25,강동구민회관,25m,M,20-24,Free200,,1:56.56,,,,T
,,서울시,강동구청장기,,2025-01-25,강동구민회관,25m,M,20-24,Free200,,1:56.00,,,,T
,,서울시,강동구청장기,,2025-01-25,강동구민회관,25m,M,20-24,Free200,,1:56.00,,,,T
,,서울시,강동구청장기,,2025-01-25,강동구민회관,25m,M,20-24,Free200,,1:55.50,,,,T
,,서울시,강동구청장기,,2025-01-25,강동구민회관,25m,M,20-24,Free200,,1:55.28,,,,T
,,서울시,강동구청장기,,2025-01-25,강동구민회관,25m,M,20-24,Free200,,1:55.00,,,,T
,,서울시,강동구청장기,,2025-01-25,강동구민회관,25m,M,20-24,Free200,,1:54.16,,,,T
,,서울시,강동구청장기,,2025-01-25,강동구민회관,25m,M,25-29,Free200,,2:06.12,,,,T
,,서울시,강동구청장기,,2025-01-25,강동구민회관,25m,M,25-29,Free200,,2:05.12,,,,T
,,서울시,강동구청장기,,2025-01-25,강동구민회관,25m,M,25-29,Free200,,2:05.00,,,,T
,,서울시,강동구청장기,,2025-01-25,강동구민회관,25m,M,25-29,Free200,,2:03.12,,,,T
,,서울시,강동구청장기,,2025-01-25,강동구민회관,25m,M,25-29,Free200,,2:03.10,,,,T
,,서울시,강동구청장기,,2025-01-25,강동구민회관,25m,M,25-29,Free200,,2:03.09,,,,T
,,서울시,강동구청장기,,2025-01-25,강동구민회관,25m,M,25-29,Free200,,2:02.94,,,,T
,,서울시,강동구청장기,,2025-01-25,강동구민회관,25m,M,25-29,Free200,,2:02.92,,,,T
,,서울시,강동구청장기,,2025-01-25,강동구민회관,25m,M,25-29,Free200,,2:02.00,,,,T
,,서울시,강동구청장기,,2025-01-25,강동구민회관,25m,M,25-29,Free200,,2:01.62,,,,T
,,서울시,강동구청장기,,2025-01-25,강동구민회관,25m,F,20-24,Free200,,2:14.82,,,,T
,,서울시,강동구청장기,,2025-01-25,강동구민회관,25m,F,20-24,Free200,,2:14.01,,,,T
,,서울시,강동구청장기,,2025-01-25,강동구민회관,25m,F,20-24,Free200,,2:14.00,,,,T
,,서울시,강동구청장기,,2025-01-25,강동구민회관,25m,F,20-24,Free200,,2:13.96,,,,T
,,서울시,강동구청장기,,2025-01-25,강동구민회관,25m,F,20-24,Free200,,2:13.00,,,,T
,,서울시,강동구청장기,,2025-01-25,강동구민회관,25m,F,20-24,Free200,,2:12.28,,,,T
,,서울시,강동구청장기,,2025-01-25,강동구민회관,25m,F,20-24,Free200,,2:11.85,,,,T
,,서울시,강동구청장기,,2025-01-25,강동구민회관,25m,F,20-24,Free200,,2:11.76,,,,T
,,서울시,강동구청장기,,2025-01-25,강동구민회관,25m,F,20-24,Free200,,2:11.20,,,,T
,,서울시,강동구청장기,,2025-01-25,강동구민회관,25m,F,20-24,Free200,,2:11.14,,,,T
,,서울시,강동구청장기,,2025-01-25,강동구민회관,25m,F,25-29,Free200,,2:31.18,,,,T
,,서울시,강동구청장기,,2025-01-25,강동구민회관,25m,F,25-29,Free200,,2:30.83,,,,T
,,서울시,강동구청장기,,2025-01-25,강동구민회관,25m,F,25-29,Free200,,2:30.30,,,,T
,,서울시,강동구청장기,,2025-01-25,강동구민회관,25m,F,25-29,Free200,,2:30.15,,,,T
,,서울시,강동구청장기,,2025-01-25,강동구민회관,25m,F,25-29,Free200,,2:30.00,,,,T
,,서울시,강동구청장기,,2025-01-25,강동구민회관,25m,F,25-29,Free200,,2:27.93,,,,T
,,서울시,강동구청장기,,2025-01-25,강동구민회관,25m,F,25-29,Free200,,2:26.85,,,,T
,,서울시,강동구청장기,,2025-01-25,강동구민회관,25m,F,25-29,Free200,,2:25.64,,,,T
,,서울시,강동구청장기,,2025-01-25,강동구민회관,25m,F,25-29,Free200,,2:25.32,,,,T
,,서울시,강동구청장기,,2025-01-25,강동구민회관,25m,F,25-29,Free200,,2:25.15,,,,T
,,서울시,강동구청장기,,2025-01-25,강동구민회관,25m,M,20-24,Free400,,4:26.15,,,,T
,,서울시,강동구청장기,,2025-01-25,강동구민회관,25m,M,20-24,Free400,,4:25.96,,,,T
,,서울시,강동구청장기,,2025-01-25,강동구민회관,25m,M,20-24,Free400,,4:24.99,,,,T
,,서울시,강동구청장기,,2025-01-25,강동구민회관,25m,M,20-24,Free400,,4:20.50,,,,T
,,서울시,강동구청장기,,2025-01-25,강동구민회관,25m,M,20-24,Free400,,4:20.00,,,,T
,,서울시,강동구청장기,,2025-01-25,강동구민회관,25m,M,20-24,Free400,,4:17.71,,,,T
,,서울시,강동구청장기,,2025-01-25,강동구민회관,25m,M,20-24,Free400,,4:17.45,,,,T
,,서울시,강동구청장기,,2025-01-25,강동구민회관,25m,M,20-24,Free400,,4:15.00,,,,T
,,서울시,강동구청장기,,2025-01-25,강동구민회관,25m,M,20-24,Free400,,4:06.40,,,,T
,,서울시,강동구청장기,,2025-01-25,강동구민회관,25m,M,20-24,Free400,,4:05.20,,,,T
,,서울시,강동구청장기,,2025-01-25,강동구민회관,25m,M,25-29,Free400,,4:22.90,,,,T
,,서울시,강동구청장기,,2025-01-25,강동구민회관,25m,M,25-29,Free400,,4:20.00,,,,T
,,서울시,강동구청장기,,2025-01-25,강동구민회관,25m,M,25-29,Free400,,4:19.93,,,,T
,,서울시,강동구청장기,,2025-01-25,강동구민회관,25m,M,25-29,Free400,,4:15.00,,,,T
,,서울시,강동구청장기,,2025-01-25,강동구민회관,25m,M,25-29,Free400,,4:12.55,,,,T
,,서울시,강동구청장기,,2025-01-25,강동구민회관,25m,M,25-29,Free400,,4:08.21,,,,T
,,서울시,강동구청장기,,2025-01-25,강동구민회관,25m,M,25-29,Free400,,4:07.17,,,,T
,,서울시,강동구청장기,,2025-01-25,강동구민회관,25m,M,25-29,Free400,,4:06.87,,,,T
,,서울시,강동구청장기,,2025-01-25,강동구민회관,25m,M,25-29,Free400,,4:01.60,,,,T
,,서울시,강동구청장기,,2025-01-25,강동구민회관,25m,M,25-29,Free400,,4:55.32,,,,T
,,서울시,강동구청장기,,2025-01-25,강동구민회관,25m,F,20-24,Free400,,4:55.00,,,,T
,,서울시,강동구청장기,,2025-01-25,강동구민회관,25m,F,20-24,Free400,,4:53.78,,,,T
,,서울시,강동구청장기,,2025-01-25,강동구민회관,25m,F,20-24,Free400,,4:53.74,,,,T
,,서울시,강동구청장기,,2025-01-25,강동구민회관,25m,F,20-24,Free400,,4:47.10,,,,T
,,서울시,강동구청장기,,2025-01-25,강동구민회관,25m,F,20-24,Free400,,4:45.52,,,,T
,,서울시,강동구청장기,,2025-01-25,강동구민회관,25m,F,20-24,Free400,,4:43.58,,,,T
,,서울시,강동구청장기,,2025-01-25,강동구민회관,25m,F,20-24,Free400,,4:42.78,,,,T
,,서울시,강동구청장기,,2025-01-25,강동구민회관,25m,F,20-24,Free400,,4:41.70,,,,T
,,서울시,강동구청장기,,2025-01-25,강동구민회관,25m,F,20-24,Free400,,4:39.25,,,,T
,,서울시,강동구청장기,,2025-01-25,강동구민회관,25m,F,20-24,Free400,,4:31.70,,,,T
,,서울시,강동구청장기,,2025-01-25,강동구민회관,25m,F,25-29,Free400,,5:06.21,,,,T
,,서울시,강동구청장기,,2025-01-25,강동구민회관,25m,F,25-29,Free400,,5:00.59,,,,T
,,서울시,강동구청장기,,2025-01-25,강동구민회관,25m,F,25-29,Free400,,5:00.13,,,,T
,,서울시,강동구청장기,,2025-01-25,강동구민회관,25m,F,25-29,Free400,,4:51.85,,,,T
,,서울시,강동구청장기,,2025-01-25,강동구민회관,25m,F,25-29,Free400,,4:44.95,,,,T
,,서울시,강동구청장기,,2025-01-25,강동구민회관,25m,F,25-29,Free400,,4:40.14,,,,T
,,서울시,강동구청장기,,2025-01-25,강동구민회관,25m,F,25-29,Free400,,4:39.00,,,,T
,,서울시,강동구청장기,,2025-01-25,강동구민회관,25m,F,25-29,Free400,,4:34.03,,,,T
,,서울시,강동구청장기,,2025-01-25,강동구민회관,25m,F,25-29,Free400,,4:31.07,,,,T
,,서울시,강동구청장기,,2025-01-25,강동구민회관,25m,F,25-29,Free400,,4:26.75,,,,T
,,서울시,강동구청장기,,2025-01-25,강동구민회관,25m,M,20-24,Free800,,9:30.00,,,,T
,,서울시,강동구청장기,,2025-01-25,강동구민회관,25m,M,20-24,Free800,,9:27.20,,,,T
,,서울시,강동구청장기,,2025-01-25,강동구민회관,25m,M,20-24,Free800,,9:23.10,,,,T
,,서울시,강동구청장기,,2025-01-25,강동구민회관,25m,M,20-24,Free800,,9:20.82,,,,T
,,서울시,강동구청장기,,2025-01-25,강동구민회관,25m,M,20-24,Free800,,9:17.99,,,,T
,,서울시,강동구청장기,,2025-01-25,강동구민회관,25m,M,20-24,Free800,,9:16.12,,,,T
,,서울시,강동구청장기,,2025-01-25,강동구민회관,25m,M,20-24,Free800,,9:09.99,,,,T
,,서울시,강동구청장기,,2025-01-25,강동구민회관,25m,M,20-24,Free800,,8:59.50,,,,T
,,서울시,강동구청장기,,2025-01-25,강동구민회관,25m,M,20-24,Free800,,8:45.00,,,,T
,,서울시,강동구청장기,,2025-01-25,강동구민회관,25m,M,20-24,Free800,,8:27.64,,,,T
,,서울시,강동구청장기,,2025-01-25,강동구민회관,25m,M,25-29,Free800,,9:20.00,,,,T
,,서울시,강동구청장기,,2025-01-25,강동구민회관,25m,M,25-29,Free800,,9:06.00,,,,T
,,서울시,강동구청장기,,2025-01-25,강동구민회관,25m,M,25-29,Free800,,9:04.84,,,,T
,,서울시,강동구청장기,,2025-01-25,강동구민회관,25m,M,25-29,Free800,,9:00.00,,,,T
,,서울시,강동구청장기,,2025-01-25,강동구민회관,25m,M,25-29,Free800,,8:55.60,,,,T
,,서울시,강동구청장기,,2025-01-25,강동구민회관,25m,M,25-29,Free800,,8:49.01,,,,T
,,서울시,강동구청장기,,2025-01-25,강동구민회관,25m,M,25-29,Free800,,8:47.73,,,,T
,,서울시,강동구청장기,,2025-01-25,강동구민회관,25m,M,25-29,Free800,,8:42.62,,,,T
,,서울시,강동구청장기,,2025-01-25,강동구민회관,25m,M,25-29,Free800,,8:37.34,,,,T
,,서울시,강동구청장기,,2025-01-25,강동구민회관,25m,M,25-29,Free800,,8:36.56,,,,T
,,서울시,강동구청장기,,2025-01-25,강동구민회관,25m,F,20-24,Free800,,9:52.98,,,,T
,,서울시,강동구청장기,,2025-01-25,강동구민회관,25m,F,20-24,Free800,,9:52.70,,,,T
,,서울시,강동구청장기,,2025-01-25,강동구민회관,25m,F,20-24,Free800,,9:52.04,,,,T
,,서울시,강동구청장기,,2025-01-25,강동구민회관,25m,F,20-24,Free800,,9:50.10,,,,T
,,서울시,강동구청장기,,2025-01-25,강동구민회관,25m,F,20-24,Free800,,9:48.39,,,,T
,,서울시,강동구청장기,,2025-01-25,강동구민회관,25m,F,20-24,Free800,,9:46.22,,,,T
,,서울시,강동구청장기,,2025-01-25,강동구민회관,25m,F,20-24,Free800,,10:32.50,,,,T
,,서울시,강동구청장기,,2025-01-25,강동구민회관,25m,F,20-24,Free800,,10:19.17,,,,T
,,서울시,강동구청장기,,2025-01-25,강동구민회관,25m,F,20-24,Free800,,10:18.30,,,,T
,,서울시,강동구청장기,,2025-01-25,강동구민회관,25m,F,20-24,Free800,,9:58.00,,,,T
,,서울시,강동구청장기,,2025-01-25,강동구민회관,25m,F,25-29,Free800,,10:58.55,,,,T
,,서울시,강동구청장기,,2025-01-25,강동구민회관,25m,F,25-29,Free800,,10:55.84,,,,T
,,서울시,강동구청장기,,2025-01-25,강동구민회관,25m,F,25-29,Free800,,10:21.40,,,,T
,,서울시,강동구청장기,,2025-01-25,강동구민회관,25m,F,25-29,Free800,,10:14.15,,,,T
,,서울시,강동구청장기,,2025-01-25,강동구민회관,25m,F,25-29,Free800,,10:03.82,,,,T
,,서울시,강동구청장기,,2025-01-25,강동구민회관,25m,F,25-29,Free800,,9:48.62,,,,T
,,서울시,강동구청장기,,2025-01-25,강동구민회관,25m,F,25-29,Free800,,9:40.23,,,,T
,,서울시,강동구청장기,,2025-01-25,강동구민회관,25m,F,25-29,Free800,,9:40.00,,,,T
,,서울시,강동구청장기,,2025-01-25,강동구민회관,25m,F,25-29,Free800,,9:36.29,,,,T
,,서울시,강동구청장기,,2025-01-25,강동구민회관,25m,F,25-29,Free800,,9:07.57,,,,T
