athlete,athlete_id,region,meet,meet_id,date,place,length,gender,age,event,event_id,time,time_sec,rank,club,participation
Alex,,서울시,강동구청장기,,2025-01-25,강동구민회관,25m,M,20-24,Free50,,0:24'08,24.8,1,,T
,,서울시,강동구청장기,,2025-01-25,강동구민회관,25m,M,20-24,Free50,,0:25'98,25.98,2,,T
,,서울시,강동구청장기,,2025-01-25,강동구민회관,25m,M,20-24,Free50,,0:26'21,26.21,3,,T
,,서울시,강동구청장기,,2025-01-25,강동구민회관,25m,M,20-24,Free50,,0:26'62,26.62,4,,T
,,서울시,강동구청장기,,2025-01-25,강동구민회관,25m,M,20-24,Free50,,0:26'97,26.97,5,,T
,,서울시,강동구청장기,,2025-01-25,강동구민회관,25m,M,20-24,Free50,,0:27'82,27.82,6,,T
,,서울시,강동구청장기,,2025-01-25,강동구민회관,25m,M,20-24,Free50,,0:28'19,28.19,7,,T
,,서울시,강동구청장기,,2025-01-25,강동구민회관,25m,M,20-24,Free50,,0:29'06,29.6,8,,T
,,서울시,강동구청장기,,2025-01-25,강동구민회관,25m,M,20-24,Free50,,0:30'28,30.28,9,,T
,,서울시,강동구청장기,,2025-01-25,강동구민회관,25m,M,20-24,Free50,,0:30'89,30.89,10,,T
Taylor,,서울시,강동구청장기,,2025-01-25,강동구민회관,25m,M,25-29,Free50,,0:24'67,24.67,1,,T
,,서울시,강동구청장기,,2025-01-25,강동구민회관,25m,M,25-29,Free50,,0:25'22,25.22,2,,T
,,서울시,강동구청장기,,2025-01-25,강동구민회관,25m,M,25-29,Free50,,0:25'53,25.53,3,,T
,,서울시,강동구청장기,,2025-01-25,강동구민회관,25m,M,25-29,Free50,,0:25'62,25.62,4,,T
,,서울시,강동구청장기,,2025-01-25,강동구민회관,25m,M,25-29,Free50,,0:28'44,28.44,5,,T
,,서울시,강동구청장기,,2025-01-25,강동구민회관,25m,M,25-29,Free50,,0:28'65,28.65,6,,T
,,서울시,강동구청장기,,2025-01-25,강동구민회관,25m,M,25-29,Free50,,0:30'21,30.21,7,,T
,,서울시,강동구청장기,,2025-01-25,강동구민회관,25m,M,25-29,Free50,,0:30'53,30.53,8,,T
,,서울시,강동구청장기,,2025-01-25,강동구민회관,25m,M,25-29,Free50,,0:31'16,31.16,9,,T
,,서울시,강동구청장기,,2025-01-25,강동구민회관,25m,M,25-29,Free50,,0:31'32,31.32,10,,T
,,서울시,강동구청장기,,2025-01-25,강동구민회관,25m,M,25-29,Free50,,0:32'21,32.21,11,,T
Kelly,,서울시,강동구청장기,,2025-01-25,강동구민회관,25m,F,20-24,Free50,,0:30'75,30.75,1,,T
,,서울시,강동구청장기,,2025-01-25,강동구민회관,25m,F,20-24,Free50,,0:31'90,31.9,2,,T
,,서울시,강동구청장기,,2025-01-25,강동구민회관,25m,F,20-24,Free50,,0:32'37,32.37,3,,T
,,서울시,강동구청장기,,2025-01-25,강동구민회관,25m,F,20-24,Free50,,0:33'37,33.37,4,,T
,,서울시,강동구청장기,,2025-01-25,강동구민회관,25m,F,20-24,Free50,,0:33'59,33.59,5,,T
,,서울시,강동구청장기,,2025-01-25,강동구민회관,25m,F,20-24,Free50,,0:33'90,33.9,6,,T
,,서울시,강동구청장기,,2025-01-25,강동구민회관,25m,F,20-24,Free50,,0:35'31,35.31,7,,T
,,서울시,강동구청장기,,2025-01-25,강동구민회관,25m,F,20-24,Free50,,0:36'05,36.5,8,,T
,,서울시,강동구청장기,,2025-01-25,강동구민회관,25m,F,20-24,Free50,,0:37'49,37.49,9,,T
,,서울시,강동구청장기,,2025-01-25,강동구민회관,25m,F,20-24,Free50,,0:41'59,41.59,10,,T
Hannah,,서울시,강동구청장기,,2025-01-25,강동구민회관,25m,F,25-29,Free50,,0:30'53,30.53,1,,T
,,서울시,강동구청장기,,2025-01-25,강동구민회관,25m,F,25-29,Free50,,0:31'82,31.82,2,,T
,,서울시,강동구청장기,,2025-01-25,강동구민회관,25m,F,25-29,Free50,,0:32'31,32.31,3,,T
,,서울시,강동구청장기,,2025-01-25,강동구민회관,25m,F,25-29,Free50,,0:37'14,37.14,4,,T
,,서울시,강동구청장기,,2025-01-25,강동구민회관,25m,F,25-29,Free50,,0:39'30,39.3,5,,T
,,서울시,강동구청장기,,2025-01-25,강동구민회관,25m,F,25-29,Free50,,0:44'08,44.8,8,,T
,,서울시,강동구청장기,,2025-01-25,강동구민회관,25m,F,25-29,Free50,,0:44'59,44.59,7,,T
,,서울시,강동구청장기,,2025-01-25,강동구민회관,25m,F,25-29,Free50,,0:51'63,51.63,10,,T
,,서울시,강동구청장기,,2025-01-25,강동구민회관,25m,F,25-29,Free50,,0:41'59,41.59,6,,T
,,서울시,강동구청장기,,2025-01-25,강동구민회관,25m,F,25-29,Free50,,0:49'20,49.2,9,,T
Jordan,,서울시,강동구청장기,,2025-01-25,강동구민회관,25m,M,20-24,Free100,,1:16'54,76.54,1,Flow,T
,,서울시,강동구청장기,,2025-01-25,강동구민회관,25m,M,20-24,Free100,,1:16'91,76.91,2,,T
,,서울시,강동구청장기,,2025-01-25,강동구민회관,25m,M,20-24,Free100,,1:19'64,79.64,3,,T
,,서울시,강동구청장기,,2025-01-25,강동구민회관,25m,M,20-24,Free100,,1:26'35,86.35,4,,T
,,서울시,강동구청장기,,2025-01-25,강동구민회관,25m,M,20-24,Free100,,1:27'28,87.28,5,,T
,,서울시,강동구청장기,,2025-01-25,강동구민회관,25m,M,20-24,Free100,,1:28'14,88.14,6,,T
,,서울시,강동구청장기,,2025-01-25,강동구민회관,25m,M,20-24,Free100,,1:32'57,92.57,8,,T
,,서울시,강동구청장기,,2025-01-25,강동구민회관,25m,M,20-24,Free100,,1:34'06,94.6,9,,T
,,서울시,강동구청장기,,2025-01-25,강동구민회관,25m,M,20-24,Free100,,1:28'27,88.27,7,,T
,,서울시,강동구청장기,,2025-01-25,강동구민회관,25m,M,20-24,Free100,,1:35'81,95.81,10,,T
Morgan,,서울시,강동구청장기,,2025-01-25,강동구민회관,25m,M,25-29,Free100,,0:50'50,50.5,1,Finz,T
,,서울시,강동구청장기,,2025-01-25,강동구민회관,25m,M,25-29,Free100,,0:51'54,51.54,2,,T
,,서울시,강동구청장기,,2025-01-25,강동구민회관,25m,M,25-29,Free100,,0:51'65,51.65,3,,T
,,서울시,강동구청장기,,2025-01-25,강동구민회관,25m,M,25-29,Free100,,0:52'66,52.66,4,,T
,,서울시,강동구청장기,,2025-01-25,강동구민회관,25m,M,25-29,Free100,,0:54'02,54.2,6,,T
,,서울시,강동구청장기,,2025-01-25,강동구민회관,25m,M,25-29,Free100,,0:52'85,52.85,5,,T
,,서울시,강동구청장기,,2025-01-25,강동구민회관,25m,M,25-29,Free100,,0:57'62,57.62,7,,T
,,서울시,강동구청장기,,2025-01-25,강동구민회관,25m,M,25-29,Free100,,1:00'69,60.69,8,,T
,,서울시,강동구청장기,,2025-01-25,강동구민회관,25m,M,25-29,Free100,,1:02'02,62.2,9,,T
,,서울시,강동구청장기,,2025-01-25,강동구민회관,25m,M,25-29,Free100,,1:09'90,69.9,10,,T
Casey,,서울시,강동구청장기,,2025-01-25,강동구민회관,25m,F,20-24,Free100,,1:02'57,62.57,4,Tide,T
,,서울시,강동구청장기,,2025-01-25,강동구민회관,25m,F,20-24,Free100,,1:03'89,63.89,5,,T
,,서울시,강동구청장기,,2025-01-25,강동구민회관,25m,F,20-24,Free100,,1:04'33,64.33,6,,T
,,서울시,강동구청장기,,2025-01-25,강동구민회관,25m,F,20-24,Free100,,1:04'98,64.98,7,,T
,,서울시,강동구청장기,,2025-01-25,강동구민회관,25m,F,20-24,Free100,,1:05'91,65.91,8,,T
,,서울시,강동구청장기,,2025-01-25,강동구민회관,25m,F,20-24,Free100,,1:06'01,66.1,9,,T
,,서울시,강동구청장기,,2025-01-25,강동구민회관,25m,F,20-24,Free100,,0:57'77,57.77,1,,T
,,서울시,강동구청장기,,2025-01-25,강동구민회관,25m,F,20-24,Free100,,0:58'65,58.65,2,,T
,,서울시,강동구청장기,,2025-01-25,강동구민회관,25m,F,20-24,Free100,,0:59'11,59.11,3,,T
,,서울시,강동구청장기,,2025-01-25,강동구민회관,25m,F,20-24,Free100,,1:16'98,76.98,10,,T
Riley,,서울시,강동구청장기,,2025-01-25,강동구민회관,25m,F,25-29,Free100,,1:09'79,69.79,5,Hydro,T
,,서울시,강동구청장기,,2025-01-25,강동구민회관,25m,F,25-29,Free100,,1:15'04,75.4,7,,T
,,서울시,강동구청장기,,2025-01-25,강동구민회관,25m,F,25-29,Free100,,1:07'03,67.3,3,,T
,,서울시,강동구청장기,,2025-01-25,강동구민회관,25m,F,25-29,Free100,,1:16'95,76.95,8,,T
,,서울시,강동구청장기,,2025-01-25,강동구민회관,25m,F,25-29,Free100,,1:19'88,79.88,9,,T
,,서울시,강동구청장기,,2025-01-25,강동구민회관,25m,F,25-29,Free100,,1:21'77,81.77,10,,T
,,서울시,강동구청장기,,2025-01-25,강동구민회관,25m,F,25-29,Free100,,1:06'31,66.31,1,,T
,,서울시,강동구청장기,,2025-01-25,강동구민회관,25m,F,25-29,Free100,,1:07'21,67.21,2,,T
,,서울시,강동구청장기,,2025-01-25,강동구민회관,25m,F,25-29,Free100,,1:08'29,68.29,4,,T
,,서울시,강동구청장기,,2025-01-25,강동구민회관,25m,F,25-29,Free100,,1:12'42,72.42,6,,T
Avery,,서울시,강동구청장기,,2025-01-25,강동구민회관,25m,M,20-24,Fly50,,0:25'77,25.77,1,Surge,T
,,서울시,강동구청장기,,2025-01-25,강동구민회관,25m,M,20-24,Fly50,,0:26'79,26.79,3,,T
,,서울시,강동구청장기,,2025-01-25,강동구민회관,25m,M,20-24,Fly50,,0:28'13,28.13,5,,T
,,서울시,강동구청장기,,2025-01-25,강동구민회관,25m,M,20-24,Fly50,,0:30'71,30.71,7,,T
,,서울시,강동구청장기,,2025-01-25,강동구민회관,25m,M,20-24,Fly50,,0:32'63,32.63,8,,T
,,서울시,강동구청장기,,2025-01-25,강동구민회관,25m,M,20-24,Fly50,,0:32'97,32.97,9,,T
,,서울시,강동구청장기,,2025-01-25,강동구민회관,25m,M,20-24,Fly50,,0:33'70,33.7,10,,T
,,서울시,강동구청장기,,2025-01-25,강동구민회관,25m,M,20-24,Fly50,,0:29'79,29.79,6,,T
,,서울시,강동구청장기,,2025-01-25,강동구민회관,25m,M,20-24,Fly50,,0:26'48,26.48,2,,T
,,서울시,강동구청장기,,2025-01-25,강동구민회관,25m,M,20-24,Fly50,,0:27'38,27.38,4,,T
Jamie,,서울시,강동구청장기,,2025-01-25,강동구민회관,25m,M,25-29,Fly50,,0:29'62,29.62,1,Dash,T
,,서울시,강동구청장기,,2025-01-25,강동구민회관,25m,M,25-29,Fly50,,0:29'67,29.67,2,,T
,,서울시,강동구청장기,,2025-01-25,강동구민회관,25m,M,25-29,Fly50,,0:32'42,32.42,3,,T
,,서울시,강동구청장기,,2025-01-25,강동구민회관,25m,M,25-29,Fly50,,0:32'87,32.87,4,,T
,,서울시,강동구청장기,,2025-01-25,강동구민회관,25m,M,25-29,Fly50,,0:33'65,33.65,5,,T
,,서울시,강동구청장기,,2025-01-25,강동구민회관,25m,M,25-29,Fly50,,0:40'42,40.42,9,,T
,,서울시,강동구청장기,,2025-01-25,강동구민회관,25m,M,25-29,Fly50,,0:34'06,34.6,6,,T
,,서울시,강동구청장기,,2025-01-25,강동구민회관,25m,M,25-29,Fly50,,0:34'86,34.86,7,,T
,,서울시,강동구청장기,,2025-01-25,강동구민회관,25m,M,25-29,Fly50,,0:36'44,36.44,8,,T
,,서울시,강동구청장기,,2025-01-25,강동구민회관,25m,M,25-29,Fly50,,0:40'52,40.52,10,,T
Quinn,,서울시,강동구청장기,,2025-01-25,강동구민회관,25m,F,20-24,Fly50,,0:33'85,33.85,2,Drip,T
,,서울시,강동구청장기,,2025-01-25,강동구민회관,25m,F,20-24,Fly50,,0:35'09,35.9,4,,T
,,서울시,강동구청장기,,2025-01-25,강동구민회관,25m,F,20-24,Fly50,,0:35'95,35.95,5,,T
,,서울시,강동구청장기,,2025-01-25,강동구민회관,25m,F,20-24,Fly50,,0:36'95,36.95,6,,T
,,서울시,강동구청장기,,2025-01-25,강동구민회관,25m,F,20-24,Fly50,,0:40'05,40.5,7,,T
,,서울시,강동구청장기,,2025-01-25,강동구민회관,25m,F,20-24,Fly50,,0:46'34,46.34,9,,T
,,서울시,강동구청장기,,2025-01-25,강동구민회관,25m,F,20-24,Fly50,,0:40'80,40.8,8,,T
,,서울시,강동구청장기,,2025-01-25,강동구민회관,25m,F,20-24,Fly50,,0:33'48,33.48,1,,T
,,서울시,강동구청장기,,2025-01-25,강동구민회관,25m,F,20-24,Fly50,,0:33'85,33.85,2,,T
,,서울시,강동구청장기,,2025-01-25,강동구민회관,25m,F,20-24,Fly50,,0:50'79,50.79,10,,T
Cameron,,서울시,강동구청장기,,2025-01-25,강동구민회관,25m,F,25-29,Fly50,,0:35'60,35.6,1,Wavz,T
,,서울시,강동구청장기,,2025-01-25,강동구민회관,25m,F,25-29,Fly50,,0:37'12,37.12,2,,T
,,서울시,강동구청장기,,2025-01-25,강동구민회관,25m,F,25-29,Fly50,,0:40'51,40.51,3,,T
,,서울시,강동구청장기,,2025-01-25,강동구민회관,25m,F,25-29,Fly50,,0:40'68,40.68,4,,T
,,서울시,강동구청장기,,2025-01-25,강동구민회관,25m,F,25-29,Fly50,,0:41'91,41.91,5,,T
,,서울시,강동구청장기,,2025-01-25,강동구민회관,25m,F,25-29,Fly50,,0:42'98,42.98,6,,T
,,서울시,강동구청장기,,2025-01-25,강동구민회관,25m,F,25-29,Fly50,,0:43'06,43.6,7,,T
,,서울시,강동구청장기,,2025-01-25,강동구민회관,25m,F,25-29,Fly50,,0:44'28,44.28,9,,T
,,서울시,강동구청장기,,2025-01-25,강동구민회관,25m,F,25-29,Fly50,,0:47'55,47.55,10,,T
,,서울시,강동구청장기,,2025-01-25,강동구민회관,25m,F,25-29,Fly50,,0:43'94,43.94,8,,T
Dakota,,서울시,강동구청장기,,2025-01-25,강동구민회관,25m,M,20-24,Fly100,,0:53'67,53.67,1,Aqua,T
,,서울시,강동구청장기,,2025-01-25,강동구민회관,25m,M,20-24,Fly100,,0:54'51,54.51,2,,T
,,서울시,강동구청장기,,2025-01-25,강동구민회관,25m,M,20-24,Fly100,,0:55'04,55.4,3,,T
,,서울시,강동구청장기,,2025-01-25,강동구민회관,25m,M,20-24,Fly100,,0:57'76,57.76,4,,T
,,서울시,강동구청장기,,2025-01-25,강동구민회관,25m,M,20-24,Fly100,,0:58'86,58.86,5,,T
,,서울시,강동구청장기,,2025-01-25,강동구민회관,25m,M,20-24,Fly100,,0:59'26,59.26,6,,T
,,서울시,강동구청장기,,2025-01-25,강동구민회관,25m,M,20-24,Fly100,,1:01'42,61.42,7,,T
,,서울시,강동구청장기,,2025-01-25,강동구민회관,25m,M,20-24,Fly100,,1:01'51,61.51,8,,T
,,서울시,강동구청장기,,2025-01-25,강동구민회관,25m,M,20-24,Fly100,,1:03'42,63.42,9,,T
,,서울시,강동구청장기,,2025-01-25,강동구민회관,25m,M,20-24,Fly100,,1:29'06,89.6,10,,T
Skyler,,서울시,강동구청장기,,2025-01-25,강동구민회관,25m,M,25-29,Fly100,,56.9,56.9,10,,T
,,서울시,강동구청장기,,2025-01-25,강동구민회관,25m,M,25-29,Fly100,,56.85,56.85,9,,T
,,서울시,강동구청장기,,2025-01-25,강동구민회관,25m,M,25-29,Fly100,,56.72,56.72,7,,T
,,서울시,강동구청장기,,2025-01-25,강동구민회관,25m,M,25-29,Fly100,,56.72,56.72,7,,T
,,서울시,강동구청장기,,2025-01-25,강동구민회관,25m,M,25-29,Fly100,,56.42,56.42,6,,T
,,서울시,강동구청장기,,2025-01-25,강동구민회관,25m,M,25-29,Fly100,,55.8,55.8,5,,T
,,서울시,강동구청장기,,2025-01-25,강동구민회관,25m,M,25-29,Fly100,,55.77,55.77,4,,T
,,서울시,강동구청장기,,2025-01-25,강동구민회관,25m,M,25-29,Fly100,,55.5,55.5,3,,T
,,서울시,강동구청장기,,2025-01-25,강동구민회관,25m,M,25-29,Fly100,,54.98,54.98,2,,T
,,서울시,강동구청장기,,2025-01-25,강동구민회관,25m,M,25-29,Fly100,,52,52,1,,T
Rowan,,서울시,강동구청장기,,2025-01-25,강동구민회관,25m,F,20-24,Fly100,,01:11.0,71,10,,T
,,서울시,강동구청장기,,2025-01-25,강동구민회관,25m,F,20-24,Fly100,,01:10.5,70.53,9,,T
,,서울시,강동구청장기,,2025-01-25,강동구민회관,25m,F,20-24,Fly100,,01:10.1,70.13,8,,T
,,서울시,강동구청장기,,2025-01-25,강동구민회관,25m,F,20-24,Fly100,,01:09.4,69.44,7,,T
,,서울시,강동구청장기,,2025-01-25,강동구민회관,25m,F,20-24,Fly100,,01:09.0,69,5,,T
,,서울시,강동구청장기,,2025-01-25,강동구민회관,25m,F,20-24,Fly100,,01:09.0,69,5,,T
,,서울시,강동구청장기,,2025-01-25,강동구민회관,25m,F,20-24,Fly100,,01:09.0,68.98,4,,T
,,서울시,강동구청장기,,2025-01-25,강동구민회관,25m,F,20-24,Fly100,,01:08.0,68,3,,T
,,서울시,강동구청장기,,2025-01-25,강동구민회관,25m,F,20-24,Fly100,,01:07.3,67.32,2,,T
,,서울시,강동구청장기,,2025-01-25,강동구민회관,25m,F,20-24,Fly100,,01:07.3,67.3,1,,T
Sage,,서울시,강동구청장기,,2025-01-25,강동구민회관,25m,F,25-29,Fly100,,01:20.0,79.99,10,,T
,,서울시,강동구청장기,,2025-01-25,강동구민회관,25m,F,25-29,Fly100,,01:19.7,79.69,9,,T
,,서울시,강동구청장기,,2025-01-25,강동구민회관,25m,F,25-29,Fly100,,01:18.7,78.72,8,,T
,,서울시,강동구청장기,,2025-01-25,강동구민회관,25m,F,25-29,Fly100,,01:16.4,76.37,7,,T
,,서울시,강동구청장기,,2025-01-25,강동구민회관,25m,F,25-29,Fly100,,01:16.0,76.3,6,,T
,,서울시,강동구청장기,,2025-01-25,강동구민회관,25m,F,25-29,Fly100,,01:15.8,75.84,5,,T
,,서울시,강동구청장기,,2025-01-25,강동구민회관,25m,F,25-29,Fly100,,01:15.2,75.17,4,,T
,,서울시,강동구청장기,,2025-01-25,강동구민회관,25m,F,25-29,Fly100,,01:14.9,74.9,3,,T
,,서울시,강동구청장기,,2025-01-25,강동구민회관,25m,F,25-29,Fly100,,01:14.3,74.26,2,,T
,,서울시,강동구청장기,,2025-01-25,강동구민회관,25m,F,25-29,Fly100,,01:13.4,73.4,1,,T
Claire ,,서울시,강동구청장기,,2025-01-25,강동구민회관,25m,M,20-24,Fly200,,02:22.0,142.2,10,,T
,,서울시,강동구청장기,,2025-01-25,강동구민회관,25m,M,20-24,Fly200,,02:21.3,141.29,9,,T
,,서울시,강동구청장기,,2025-01-25,강동구민회관,25m,M,20-24,Fly200,,02:20.0,140.5,8,,T
,,서울시,강동구청장기,,2025-01-25,강동구민회관,25m,M,20-24,Fly200,,02:15.0,135,7,,T
,,서울시,강동구청장기,,2025-01-25,강동구민회관,25m,M,20-24,Fly200,,02:13.8,133.82,6,,T
,,서울시,강동구청장기,,2025-01-25,강동구민회관,25m,M,20-24,Fly200,,02:11.0,131,5,,T
,,서울시,강동구청장기,,2025-01-25,강동구민회관,25m,M,20-24,Fly200,,02:10.0,130,4,,T
,,서울시,강동구청장기,,2025-01-25,강동구민회관,25m,M,20-24,Fly200,,02:09.1,129.13,3,,T
,,서울시,강동구청장기,,2025-01-25,강동구민회관,25m,M,20-24,Fly200,,02:06.4,126.39,2,,T
,,서울시,강동구청장기,,2025-01-25,강동구민회관,25m,M,20-24,Fly200,,02:06.0,126,1,,T
Emery,,서울시,강동구청장기,,2025-01-25,강동구민회관,25m,M,25-29,Fly200,,02:30.0,150,10,,T
,,서울시,강동구청장기,,2025-01-25,강동구민회관,25m,M,25-29,Fly200,,02:27.8,147.83,9,,T
,,서울시,강동구청장기,,2025-01-25,강동구민회관,25m,M,25-29,Fly200,,02:27.3,147.27,8,,T
,,서울시,강동구청장기,,2025-01-25,강동구민회관,25m,M,25-29,Fly200,,02:26.8,146.78,7,,T
,,서울시,강동구청장기,,2025-01-25,강동구민회관,25m,M,25-29,Fly200,,02:26.4,146.4,6,,T
,,서울시,강동구청장기,,2025-01-25,강동구민회관,25m,M,25-29,Fly200,,02:25.0,145.1,5,,T
,,서울시,강동구청장기,,2025-01-25,강동구민회관,25m,M,25-29,Fly200,,02:23.9,143.86,4,,T
,,서울시,강동구청장기,,2025-01-25,강동구민회관,25m,M,25-29,Fly200,,02:23.3,143.33,3,,T
,,서울시,강동구청장기,,2025-01-25,강동구민회관,25m,M,25-29,Fly200,,02:22.4,142.4,2,,T
,,서울시,강동구청장기,,2025-01-25,강동구민회관,25m,M,25-29,Fly200,,02:22.1,142.13,1,,T
Reese,,서울시,강동구청장기,,2025-01-25,강동구민회관,25m,F,20-24,Fly200,,02:45.5,165.5,10,,T
,,서울시,강동구청장기,,2025-01-25,강동구민회관,25m,F,20-24,Fly200,,02:35.7,155.66,9,,T
,,서울시,강동구청장기,,2025-01-25,강동구민회관,25m,F,20-24,Fly200,,02:34.4,154.35,8,,T
,,서울시,강동구청장기,,2025-01-25,강동구민회관,25m,F,20-24,Fly200,,02:32.0,152,7,,T
,,서울시,강동구청장기,,2025-01-25,강동구민회관,25m,F,20-24,Fly200,,02:31.4,151.38,6,,T
,,서울시,강동구청장기,,2025-01-25,강동구민회관,25m,F,20-24,Fly200,,02:31.0,150.96,5,,T
,,서울시,강동구청장기,,2025-01-25,강동구민회관,25m,F,20-24,Fly200,,02:30.7,150.7,4,,T
,,서울시,강동구청장기,,2025-01-25,강동구민회관,25m,F,20-24,Fly200,,02:30.6,150.56,3,,T
,,서울시,강동구청장기,,2025-01-25,강동구민회관,25m,F,20-24,Fly200,,02:30.2,150.23,2,,T
,,서울시,강동구청장기,,2025-01-25,강동구민회관,25m,F,20-24,Fly200,,02:28.0,147.95,1,,T
Finley,,서울시,강동구청장기,,2025-01-25,강동구민회관,25m,F,25-29,Fly200,,02:42.4,162.38,10,,T
,,서울시,강동구청장기,,2025-01-25,강동구민회관,25m,F,25-29,Fly200,,02:35.7,155.67,9,,T
,,서울시,강동구청장기,,2025-01-25,강동구민회관,25m,F,25-29,Fly200,,02:33.2,153.2,8,,T
,,서울시,강동구청장기,,2025-01-25,강동구민회관,25m,F,25-29,Fly200,,02:32.2,152.15,7,,T
,,서울시,강동구청장기,,2025-01-25,강동구민회관,25m,F,25-29,Fly200,,02:30.0,150,6,,T
,,서울시,강동구청장기,,2025-01-25,강동구민회관,25m,F,25-29,Fly200,,02:27.4,147.44,5,,T
,,서울시,강동구청장기,,2025-01-25,강동구민회관,25m,F,25-29,Fly200,,02:27.3,147.3,4,,T
,,서울시,강동구청장기,,2025-01-25,강동구민회관,25m,F,25-29,Fly200,,02:25.0,145,3,,T
,,서울시,강동구청장기,,2025-01-25,강동구민회관,25m,F,25-29,Fly200,,02:24.9,144.9,2,,T
,,서울시,강동구청장기,,2025-01-25,강동구민회관,25m,F,25-29,Fly200,,02:23.0,142.98,1,,T
Drew,,서울시,강동구청장기,,2025-01-25,강동구민회관,25m,M,20-24,Back50,,0:30'08,30.8,3,Dash,T
,,서울시,강동구청장기,,2025-01-25,강동구민회관,25m,M,20-24,Back50,,0:30'94,30.94,4,,T
,,서울시,강동구청장기,,2025-01-25,강동구민회관,25m,M,20-24,Back50,,0:30'28,30.28,1,,T
,,서울시,강동구청장기,,2025-01-25,강동구민회관,25m,M,20-24,Back50,,0:30'36,30.36,2,,T
,,서울시,강동구청장기,,2025-01-25,강동구민회관,25m,M,20-24,Back50,,0:33'18,33.18,5,,T
,,서울시,강동구청장기,,2025-01-25,강동구민회관,25m,M,20-24,Back50,,0:35'05,35.5,6,,T
,,서울시,강동구청장기,,2025-01-25,강동구민회관,25m,M,20-24,Back50,,0:39'17,39.17,8,,T
,,서울시,강동구청장기,,2025-01-25,강동구민회관,25m,M,20-24,Back50,,0:43'25,43.25,10,,T
,,서울시,강동구청장기,,2025-01-25,강동구민회관,25m,M,20-24,Back50,,0:36'09,36.9,7,,T
,,서울시,강동구청장기,,2025-01-25,강동구민회관,25m,M,20-24,Back50,,0:41'68,41.68,9,,T
Parker,,서울시,강동구청장기,,2025-01-25,강동구민회관,25m,M,25-29,Back50,,0:32'71,32.71,1,Drip,T
,,서울시,강동구청장기,,2025-01-25,강동구민회관,25m,M,25-29,Back50,,0:48'01,48.1,10,,T
,,서울시,강동구청장기,,2025-01-25,강동구민회관,25m,M,25-29,Back50,,0:34'73,34.73,2,,T
,,서울시,강동구청장기,,2025-01-25,강동구민회관,25m,M,25-29,Back50,,0:36'03,36.3,4,,T
,,서울시,강동구청장기,,2025-01-25,강동구민회관,25m,M,25-29,Back50,,0:37'14,37.14,6,,T
,,서울시,강동구청장기,,2025-01-25,강동구민회관,25m,M,25-29,Back50,,0:37'70,37.7,7,,T
,,서울시,강동구청장기,,2025-01-25,강동구민회관,25m,M,25-29,Back50,,0:38'48,38.48,8,,T
,,서울시,강동구청장기,,2025-01-25,강동구민회관,25m,M,25-29,Back50,,0:43'61,43.61,9,,T
,,서울시,강동구청장기,,2025-01-25,강동구민회관,25m,M,25-29,Back50,,0:35'63,35.63,3,,T
,,서울시,강동구청장기,,2025-01-25,강동구민회관,25m,M,25-29,Back50,,0:36'08,36.8,5,,T
Ian,,서울시,강동구청장기,,2025-01-25,강동구민회관,25m,F,20-24,Back50,,0:34'11,34.11,1,Wavz,T
,,서울시,강동구청장기,,2025-01-25,강동구민회관,25m,F,20-24,Back50,,0:38'42,38.42,3,,T
,,서울시,강동구청장기,,2025-01-25,강동구민회관,25m,F,20-24,Back50,,0:38'93,38.93,4,,T
,,서울시,강동구청장기,,2025-01-25,강동구민회관,25m,F,20-24,Back50,,0:39'93,39.93,5,,T
,,서울시,강동구청장기,,2025-01-25,강동구민회관,25m,F,20-24,Back50,,0:40'15,40.15,6,,T
,,서울시,강동구청장기,,2025-01-25,강동구민회관,25m,F,20-24,Back50,,0:46'80,46.8,7,,T
,,서울시,강동구청장기,,2025-01-25,강동구민회관,25m,F,20-24,Back50,,0:49'02,49.2,8,,T
,,서울시,강동구청장기,,2025-01-25,강동구민회관,25m,F,20-24,Back50,,0:49'38,49.38,9,,T
,,서울시,강동구청장기,,2025-01-25,강동구민회관,25m,F,20-24,Back50,,0:50'89,50.89,10,,T
,,서울시,강동구청장기,,2025-01-25,강동구민회관,25m,F,20-24,Back50,,0:36'38,36.38,2,,T
Jason,,서울시,강동구청장기,,2025-01-25,강동구민회관,25m,F,25-29,Back50,,0:38'88,38.88,1,,T
,,서울시,강동구청장기,,2025-01-25,강동구민회관,25m,F,25-29,Back50,,0:38'99,38.99,2,,T
,,서울시,강동구청장기,,2025-01-25,강동구민회관,25m,F,25-29,Back50,,0:42'31,42.31,4,,T
,,서울시,강동구청장기,,2025-01-25,강동구민회관,25m,F,25-29,Back50,,0:42'48,42.48,5,,T
,,서울시,강동구청장기,,2025-01-25,강동구민회관,25m,F,25-29,Back50,,0:41'94,41.94,3,,T
,,서울시,강동구청장기,,2025-01-25,강동구민회관,25m,F,25-29,Back50,,0:45'14,45.14,6,,T
,,서울시,강동구청장기,,2025-01-25,강동구민회관,25m,F,25-29,Back50,,0:47'23,47.23,7,,T
,,서울시,강동구청장기,,2025-01-25,강동구민회관,25m,F,25-29,Back50,,0:47'35,47.35,8,,T
,,서울시,강동구청장기,,2025-01-25,강동구민회관,25m,F,25-29,Back50,,0:49'92,49.92,9,,T
,,서울시,강동구청장기,,2025-01-25,강동구민회관,25m,F,25-29,Back50,,0:57'32,57.32,10,,T
Mina,,서울시,강동구청장기,,2025-01-25,강동구민회관,25m,M,20-24,Back100,,1:16'26,76.26,9,,T
,,서울시,강동구청장기,,2025-01-25,강동구민회관,25m,M,20-24,Back100,,1:25'09,85.9,10,,T
,,서울시,강동구청장기,,2025-01-25,강동구민회관,25m,M,20-24,Back100,,1:03'38,63.38,4,,T
,,서울시,강동구청장기,,2025-01-25,강동구민회관,25m,M,20-24,Back100,,1:07'01,67.1,5,,T
,,서울시,강동구청장기,,2025-01-25,강동구민회관,25m,M,20-24,Back100,,1:07'10,67.1,5,,T
,,서울시,강동구청장기,,2025-01-25,강동구민회관,25m,M,20-24,Back100,,1:09'81,69.81,7,,T
,,서울시,강동구청장기,,2025-01-25,강동구민회관,25m,M,20-24,Back100,,1:12'37,72.37,8,,T
,,서울시,강동구청장기,,2025-01-25,강동구민회관,25m,M,20-24,Back100,,0:55'52,55.52,1,,T
,,서울시,강동구청장기,,2025-01-25,강동구민회관,25m,M,20-24,Back100,,0:57'96,57.96,2,,T
,,서울시,강동구청장기,,2025-01-25,강동구민회관,25m,M,20-24,Back100,,0:59'36,59.36,3,,T
,,서울시,강동구청장기,,2025-01-25,강동구민회관,25m,M,25-29,Back100,,1:00'73,60.73,1,,T
,,서울시,강동구청장기,,2025-01-25,강동구민회관,25m,M,25-29,Back100,,1:01'15,61.15,2,,T
,,서울시,강동구청장기,,2025-01-25,강동구민회관,25m,M,25-29,Back100,,1:36'43,96.43,10,,T
,,서울시,강동구청장기,,2025-01-25,강동구민회관,25m,M,25-29,Back100,,1:26'87,86.87,6,,T
,,서울시,강동구청장기,,2025-01-25,강동구민회관,25m,M,25-29,Back100,,1:31'46,91.46,7,,T
,,서울시,강동구청장기,,2025-01-25,강동구민회관,25m,M,25-29,Back100,,1:24'70,84.7,5,,T
,,서울시,강동구청장기,,2025-01-25,강동구민회관,25m,M,25-29,Back100,,1:31'95,91.95,9,,T
,,서울시,강동구청장기,,2025-01-25,강동구민회관,25m,M,25-29,Back100,,1:23'75,83.75,4,,T
,,서울시,강동구청장기,,2025-01-25,강동구민회관,25m,M,25-29,Back100,,1:31'77,91.77,8,,T
,,서울시,강동구청장기,,2025-01-25,강동구민회관,25m,M,25-29,Back100,,1:21'27,81.27,3,,T
,,서울시,강동구청장기,,2025-01-25,강동구민회관,25m,F,20-24,Back100,,1:02'09,62.9,1,,T
,,서울시,강동구청장기,,2025-01-25,강동구민회관,25m,F,20-24,Back100,,1:05'34,65.34,2,,T
,,서울시,강동구청장기,,2025-01-25,강동구민회관,25m,F,20-24,Back100,,1:05'44,65.44,3,,T
,,서울시,강동구청장기,,2025-01-25,강동구민회관,25m,F,20-24,Back100,,1:05'61,65.61,4,,T
,,서울시,강동구청장기,,2025-01-25,강동구민회관,25m,F,20-24,Back100,,1:05'83,65.83,5,,T
,,서울시,강동구청장기,,2025-01-25,강동구민회관,25m,F,20-24,Back100,,1:08'80,68.8,6,,T
,,서울시,강동구청장기,,2025-01-25,강동구민회관,25m,F,20-24,Back100,,1:12'44,72.44,7,,T
,,서울시,강동구청장기,,2025-01-25,강동구민회관,25m,F,20-24,Back100,,1:16'77,76.77,8,,T
,,서울시,강동구청장기,,2025-01-25,강동구민회관,25m,F,20-24,Back100,,1:25'53,85.53,9,,T
,,서울시,강동구청장기,,2025-01-25,강동구민회관,25m,F,20-24,Back100,,1:32'98,92.98,10,,T
,,서울시,강동구청장기,,2025-01-25,강동구민회관,25m,F,25-29,Back100,,01:09.7,69.67,10,,T
,,서울시,강동구청장기,,2025-01-25,강동구민회관,25m,F,25-29,Back100,,01:08.5,68.5,9,,T
,,서울시,강동구청장기,,2025-01-25,강동구민회관,25m,F,25-29,Back100,,01:08.3,68.35,8,,T
,,서울시,강동구청장기,,2025-01-25,강동구민회관,25m,F,25-29,Back100,,01:08.0,68,7,,T
,,서울시,강동구청장기,,2025-01-25,강동구민회관,25m,F,25-29,Back100,,01:07.5,67.5,6,,T
,,서울시,강동구청장기,,2025-01-25,강동구민회관,25m,F,25-29,Back100,,01:07.0,67,5,,T
,,서울시,강동구청장기,,2025-01-25,강동구민회관,25m,F,25-29,Back100,,01:05.5,65.45,4,,T
,,서울시,강동구청장기,,2025-01-25,강동구민회관,25m,F,25-29,Back100,,01:04.9,64.88,3,,T
,,서울시,강동구청장기,,2025-01-25,강동구민회관,25m,F,25-29,Back100,,01:04.5,64.47,2,,T
,,서울시,강동구청장기,,2025-01-25,강동구민회관,25m,F,25-29,Back100,,01:04.1,64.12,1,,T
,,서울시,강동구청장기,,2025-01-25,강동구민회관,25m,M,20-24,Back200,,02:30.9,150.94,10,,T
,,서울시,강동구청장기,,2025-01-25,강동구민회관,25m,M,20-24,Back200,,02:30.6,150.62,9,,T
,,서울시,강동구청장기,,2025-01-25,강동구민회관,25m,M,20-24,Back200,,02:27.0,146.95,8,,T
,,서울시,강동구청장기,,2025-01-25,강동구민회관,25m,M,20-24,Back200,,02:25.9,145.95,7,,T
,,서울시,강동구청장기,,2025-01-25,강동구민회관,25m,M,20-24,Back200,,02:24.7,144.69,6,,T
,,서울시,강동구청장기,,2025-01-25,강동구민회관,25m,M,20-24,Back200,,02:24.6,144.58,5,,T
,,서울시,강동구청장기,,2025-01-25,강동구민회관,25m,M,20-24,Back200,,02:22.0,141.98,4,,T
,,서울시,강동구청장기,,2025-01-25,강동구민회관,25m,M,20-24,Back200,,02:18.6,138.57,3,,T
,,서울시,강동구청장기,,2025-01-25,강동구민회관,25m,M,20-24,Back200,,02:16.4,136.35,2,,T
,,서울시,강동구청장기,,2025-01-25,강동구민회관,25m,M,20-24,Back200,,02:15.9,135.93,1,,T
,,서울시,강동구청장기,,2025-01-25,강동구민회관,25m,M,25-29,Back200,,02:22.0,141.98,10,,T
,,서울시,강동구청장기,,2025-01-25,강동구민회관,25m,M,25-29,Back200,,02:22.0,141.95,9,,T
,,서울시,강동구청장기,,2025-01-25,강동구민회관,25m,M,25-29,Back200,,02:18.8,138.85,8,,T
,,서울시,강동구청장기,,2025-01-25,강동구민회관,25m,M,25-29,Back200,,02:18.1,138.5,7,,T
,,서울시,강동구청장기,,2025-01-25,강동구민회관,25m,M,25-29,Back200,,02:18.0,138,6,,T
,,서울시,강동구청장기,,2025-01-25,강동구민회관,25m,M,25-29,Back200,,02:17.4,137.42,5,,T
,,서울시,강동구청장기,,2025-01-25,강동구민회관,25m,M,25-29,Back200,,02:16.0,135.98,4,,T
,,서울시,강동구청장기,,2025-01-25,강동구민회관,25m,M,25-29,Back200,,02:12.5,132.5,3,,T
,,서울시,강동구청장기,,2025-01-25,강동구민회관,25m,M,25-29,Back200,,02:08.5,128.5,2,,T
,,서울시,강동구청장기,,2025-01-25,강동구민회관,25m,M,25-29,Back200,,02:08.2,128.15,1,,T
,,서울시,강동구청장기,,2025-01-25,강동구민회관,25m,F,20-24,Back200,,02:44.1,164.7,10,,T
,,서울시,강동구청장기,,2025-01-25,강동구민회관,25m,F,20-24,Back200,,02:43.7,163.65,9,,T
,,서울시,강동구청장기,,2025-01-25,강동구민회관,25m,F,20-24,Back200,,02:42.9,162.94,8,,T
,,서울시,강동구청장기,,2025-01-25,강동구민회관,25m,F,20-24,Back200,,02:42.0,161.98,7,,T
,,서울시,강동구청장기,,2025-01-25,강동구민회관,25m,F,20-24,Back200,,02:41.1,161.9,6,,T
,,서울시,강동구청장기,,2025-01-25,강동구민회관,25m,F,20-24,Back200,,02:41.0,161.2,5,,T
,,서울시,강동구청장기,,2025-01-25,강동구민회관,25m,F,20-24,Back200,,02:40.4,160.42,4,,T
,,서울시,강동구청장기,,2025-01-25,강동구민회관,25m,F,20-24,Back200,,02:39.8,159.78,3,,T
,,서울시,강동구청장기,,2025-01-25,강동구민회관,25m,F,20-24,Back200,,02:37.2,157.16,2,,T
,,서울시,강동구청장기,,2025-01-25,강동구민회관,25m,F,20-24,Back200,,02:36.4,156.43,1,,T
,,서울시,강동구청장기,,2025-01-25,강동구민회관,25m,F,25-29,Back200,,02:34.9,154.92,10,,T
,,서울시,강동구청장기,,2025-01-25,강동구민회관,25m,F,25-29,Back200,,02:34.3,154.33,9,,T
,,서울시,강동구청장기,,2025-01-25,강동구민회관,25m,F,25-29,Back200,,02:34.1,154.1,8,,T
,,서울시,강동구청장기,,2025-01-25,강동구민회관,25m,F,25-29,Back200,,02:33.9,153.88,7,,T
,,서울시,강동구청장기,,2025-01-25,강동구민회관,25m,F,25-29,Back200,,02:30.3,150.3,6,,T
,,서울시,강동구청장기,,2025-01-25,강동구민회관,25m,F,25-29,Back200,,02:30.0,150,4,,T
,,서울시,강동구청장기,,2025-01-25,강동구민회관,25m,F,25-29,Back200,,02:30.0,150,4,,T
,,서울시,강동구청장기,,2025-01-25,강동구민회관,25m,F,25-29,Back200,,02:29.9,149.86,3,,T
,,서울시,강동구청장기,,2025-01-25,강동구민회관,25m,F,25-29,Back200,,02:29.0,149,2,,T
,,서울시,강동구청장기,,2025-01-25,강동구민회관,25m,F,25-29,Back200,,02:21.1,141.12,1,,T
,,서울시,강동구청장기,,2025-01-25,강동구민회관,25m,M,20-24,Breast50,,0:36'01,36.1,1,,T
,,서울시,강동구청장기,,2025-01-25,강동구민회관,25m,M,20-24,Breast50,,0:36'17,36.17,2,,T
,,서울시,강동구청장기,,2025-01-25,강동구민회관,25m,M,20-24,Breast50,,0:37'82,37.82,3,,T
,,서울시,강동구청장기,,2025-01-25,강동구민회관,25m,M,20-24,Breast50,,0:38'90,38.9,4,,T
,,서울시,강동구청장기,,2025-01-25,강동구민회관,25m,M,20-24,Breast50,,0:40'10,40.1,5,,T
,,서울시,강동구청장기,,2025-01-25,강동구민회관,25m,M,20-24,Breast50,,0:40'89,40.89,6,,T
,,서울시,강동구청장기,,2025-01-25,강동구민회관,25m,M,20-24,Breast50,,0:41'25,41.25,7,,T
,,서울시,강동구청장기,,2025-01-25,강동구민회관,25m,M,20-24,Breast50,,0:42'33,42.33,8,,T
,,서울시,강동구청장기,,2025-01-25,강동구민회관,25m,M,20-24,Breast50,,0:42'62,42.62,9,,T
,,서울시,강동구청장기,,2025-01-25,강동구민회관,25m,M,20-24,Breast50,,0:43'55,43.55,10,,T
,,서울시,강동구청장기,,2025-01-25,강동구민회관,25m,M,25-29,Breast50,,0:32'80,32.8,1,,T
,,서울시,강동구청장기,,2025-01-25,강동구민회관,25m,M,25-29,Breast50,,0:34'32,34.32,3,,T
,,서울시,강동구청장기,,2025-01-25,강동구민회관,25m,M,25-29,Breast50,,0:34'72,34.72,4,,T
,,서울시,강동구청장기,,2025-01-25,강동구민회관,25m,M,25-29,Breast50,,0:36'13,36.13,6,,T
,,서울시,강동구청장기,,2025-01-25,강동구민회관,25m,M,25-29,Breast50,,0:39'67,39.67,7,,T
,,서울시,강동구청장기,,2025-01-25,강동구민회관,25m,M,25-29,Breast50,,0:35'64,35.64,5,,T
,,서울시,강동구청장기,,2025-01-25,강동구민회관,25m,M,25-29,Breast50,,0:33'70,33.7,2,,T
,,서울시,강동구청장기,,2025-01-25,강동구민회관,25m,M,25-29,Breast50,,0:40'35,40.35,8,,T
,,서울시,강동구청장기,,2025-01-25,강동구민회관,25m,M,25-29,Breast50,,0:41'97,41.97,9,,T
,,서울시,강동구청장기,,2025-01-25,강동구민회관,25m,M,25-29,Breast50,,0:42'21,42.21,10,,T
,,서울시,강동구청장기,,2025-01-25,강동구민회관,25m,F,20-24,Breast50,,0:43'73,43.73,2,,T
,,서울시,강동구청장기,,2025-01-25,강동구민회관,25m,F,20-24,Breast50,,0:45'34,45.34,3,,T
,,서울시,강동구청장기,,2025-01-25,강동구민회관,25m,F,20-24,Breast50,,0:46'33,46.33,4,,T
,,서울시,강동구청장기,,2025-01-25,강동구민회관,25m,F,20-24,Breast50,,0:47'60,47.6,5,,T
,,서울시,강동구청장기,,2025-01-25,강동구민회관,25m,F,20-24,Breast50,,0:49'36,49.36,9,,T
,,서울시,강동구청장기,,2025-01-25,강동구민회관,25m,F,20-24,Breast50,,0:41'66,41.66,1,,T
,,서울시,강동구청장기,,2025-01-25,강동구민회관,25m,F,20-24,Breast50,,0:48'79,48.79,6,,T
,,서울시,강동구청장기,,2025-01-25,강동구민회관,25m,F,20-24,Breast50,,0:48'93,48.93,7,,T
,,서울시,강동구청장기,,2025-01-25,강동구민회관,25m,F,20-24,Breast50,,0:49'10,49.1,8,,T
,,서울시,강동구청장기,,2025-01-25,강동구민회관,25m,F,20-24,Breast50,,1:05'43,65.43,10,,T
,,서울시,강동구청장기,,2025-01-25,강동구민회관,25m,F,25-29,Breast50,,0:40'38,40.38,1,,T
,,서울시,강동구청장기,,2025-01-25,강동구민회관,25m,F,25-29,Breast50,,0:40'99,40.99,2,,T
,,서울시,강동구청장기,,2025-01-25,강동구민회관,25m,F,25-29,Breast50,,0:41'83,41.83,4,,T
,,서울시,강동구청장기,,2025-01-25,강동구민회관,25m,F,25-29,Breast50,,0:45'95,45.95,5,,T
,,서울시,강동구청장기,,2025-01-25,강동구민회관,25m,F,25-29,Breast50,,0:48'25,48.25,6,,T
,,서울시,강동구청장기,,2025-01-25,강동구민회관,25m,F,25-29,Breast50,,0:48'85,48.85,8,,T
,,서울시,강동구청장기,,2025-01-25,강동구민회관,25m,F,25-29,Breast50,,0:53'15,53.15,9,,T
,,서울시,강동구청장기,,2025-01-25,강동구민회관,25m,F,25-29,Breast50,,0:57'19,57.19,10,,T
,,서울시,강동구청장기,,2025-01-25,강동구민회관,25m,F,25-29,Breast50,,0:41'25,41.25,3,,T
,,서울시,강동구청장기,,2025-01-25,강동구민회관,25m,F,25-29,Breast50,,0:48'33,48.33,7,,T
,,서울시,강동구청장기,,2025-01-25,강동구민회관,25m,M,20-24,Breast100,,1:36'50,96.5,4,,T
,,서울시,강동구청장기,,2025-01-25,강동구민회관,25m,M,20-24,Breast100,,1:37'16,97.16,5,,T
,,서울시,강동구청장기,,2025-01-25,강동구민회관,25m,M,20-24,Breast100,,1:41'87,101.87,6,,T
,,서울시,강동구청장기,,2025-01-25,강동구민회관,25m,M,20-24,Breast100,,1:42'04,102.4,7,,T
,,서울시,강동구청장기,,2025-01-25,강동구민회관,25m,M,20-24,Breast100,,1:48'10,108.1,9,,T
,,서울시,강동구청장기,,2025-01-25,강동구민회관,25m,M,20-24,Breast100,,2:05'18,125.18,10,,T
,,서울시,강동구청장기,,2025-01-25,강동구민회관,25m,M,20-24,Breast100,,1:16'31,76.31,1,,T
,,서울시,강동구청장기,,2025-01-25,강동구민회관,25m,M,20-24,Breast100,,1:20'14,80.14,2,,T
,,서울시,강동구청장기,,2025-01-25,강동구민회관,25m,M,20-24,Breast100,,1:21'21,81.21,3,,T
,,서울시,강동구청장기,,2025-01-25,강동구민회관,25m,M,20-24,Breast100,,1:46'16,106.16,8,,T
,,서울시,강동구청장기,,2025-01-25,강동구민회관,25m,M,25-29,Breast100,,1:03'00,63,1,,T
,,서울시,강동구청장기,,2025-01-25,강동구민회관,25m,M,25-29,Breast100,,1:03'33,63.33,2,,T
,,서울시,강동구청장기,,2025-01-25,강동구민회관,25m,M,25-29,Breast100,,1:03'78,63.78,3,,T
,,서울시,강동구청장기,,2025-01-25,강동구민회관,25m,M,25-29,Breast100,,1:06'49,66.49,4,,T
,,서울시,강동구청장기,,2025-01-25,강동구민회관,25m,M,25-29,Breast100,,1:06'71,66.71,5,,T
,,서울시,강동구청장기,,2025-01-25,강동구민회관,25m,M,25-29,Breast100,,1:09'58,69.58,6,,T
,,서울시,강동구청장기,,2025-01-25,강동구민회관,25m,M,25-29,Breast100,,1:11'03,71.3,7,,T
,,서울시,강동구청장기,,2025-01-25,강동구민회관,25m,M,25-29,Breast100,,1:11'50,71.5,8,,T
,,서울시,강동구청장기,,2025-01-25,강동구민회관,25m,M,25-29,Breast100,,1:13'91,73.91,9,,T
,,서울시,강동구청장기,,2025-01-25,강동구민회관,25m,M,25-29,Breast100,,1:19'34,79.34,10,,T
,,서울시,강동구청장기,,2025-01-25,강동구민회관,25m,F,20-24,Breast100,,1:08'43,68.43,1,,T
,,서울시,강동구청장기,,2025-01-25,강동구민회관,25m,F,20-24,Breast100,,1:13'21,73.21,2,,T
,,서울시,강동구청장기,,2025-01-25,강동구민회관,25m,F,20-24,Breast100,,1:16'95,76.95,3,,T
,,서울시,강동구청장기,,2025-01-25,강동구민회관,25m,F,20-24,Breast100,,1:18'26,78.26,4,,T
,,서울시,강동구청장기,,2025-01-25,강동구민회관,25m,F,20-24,Breast100,,1:20'58,80.58,5,,T
,,서울시,강동구청장기,,2025-01-25,강동구민회관,25m,F,20-24,Breast100,,1:23'69,83.69,6,,T
,,서울시,강동구청장기,,2025-01-25,강동구민회관,25m,F,20-24,Breast100,,1:27'14,87.14,8,,T
,,서울시,강동구청장기,,2025-01-25,강동구민회관,25m,F,20-24,Breast100,,1:24'29,84.29,7,,T
,,서울시,강동구청장기,,2025-01-25,강동구민회관,25m,F,20-24,Breast100,,1:27'34,87.34,9,,T
,,서울시,강동구청장기,,2025-01-25,강동구민회관,25m,F,20-24,Breast100,,1:31'56,91.56,10,,T
,,서울시,강동구청장기,,2025-01-25,강동구민회관,25m,F,25-29,Breast100,,1:47'76,107.76,9,,T
,,서울시,강동구청장기,,2025-01-25,강동구민회관,25m,F,25-29,Breast100,,2:18'41,138.41,10,,T
,,서울시,강동구청장기,,2025-01-25,강동구민회관,25m,F,25-29,Breast100,,1:38'34,98.34,7,,T
,,서울시,강동구청장기,,2025-01-25,강동구민회관,25m,F,25-29,Breast100,,1:35'11,95.11,5,,T
,,서울시,강동구청장기,,2025-01-25,강동구민회관,25m,F,25-29,Breast100,,1:37'89,97.89,6,,T
,,서울시,강동구청장기,,2025-01-25,강동구민회관,25m,F,25-29,Breast100,,1:28'69,88.69,2,,T
,,서울시,강동구청장기,,2025-01-25,강동구민회관,25m,F,25-29,Breast100,,1:30'88,90.88,4,,T
,,서울시,강동구청장기,,2025-01-25,강동구민회관,25m,F,25-29,Breast100,,1:30'01,90.1,3,,T
,,서울시,강동구청장기,,2025-01-25,강동구민회관,25m,F,25-29,Breast100,,1:38'73,98.73,8,,T
,,서울시,강동구청장기,,2025-01-25,강동구민회관,25m,F,25-29,Breast100,,1:24'29,84.29,1,,T
,,서울시,강동구청장기,,2025-01-25,강동구민회관,25m,M,20-24,Breast200,,02:30.0,150.1,10,,T
,,서울시,강동구청장기,,2025-01-25,강동구민회관,25m,M,20-24,Breast200,,02:30.0,150,9,,T
,,서울시,강동구청장기,,2025-01-25,강동구민회관,25m,M,20-24,Breast200,,02:28.0,147.96,8,,T
,,서울시,강동구청장기,,2025-01-25,강동구민회관,25m,M,20-24,Breast200,,02:27.6,147.6,7,,T
,,서울시,강동구청장기,,2025-01-25,강동구민회관,25m,M,20-24,Breast200,,02:26.7,146.73,6,,T
,,서울시,강동구청장기,,2025-01-25,강동구민회관,25m,M,20-24,Breast200,,02:25.8,145.85,5,,T
,,서울시,강동구청장기,,2025-01-25,강동구민회관,25m,M,20-24,Breast200,,02:24.1,144.12,4,,T
,,서울시,강동구청장기,,2025-01-25,강동구민회관,25m,M,20-24,Breast200,,02:23.9,143.92,3,,T
,,서울시,강동구청장기,,2025-01-25,강동구민회관,25m,M,20-24,Breast200,,02:23.0,142.97,2,,T
,,서울시,강동구청장기,,2025-01-25,강동구민회관,25m,M,20-24,Breast200,,02:20.0,140.2,1,,T
,,서울시,강동구청장기,,2025-01-25,강동구민회관,25m,M,25-29,Breast200,,02:30.6,150.56,10,,T
,,서울시,강동구청장기,,2025-01-25,강동구민회관,25m,M,25-29,Breast200,,02:30.2,150.21,9,,T
,,서울시,강동구청장기,,2025-01-25,강동구민회관,25m,M,25-29,Breast200,,02:30.0,150,8,,T
,,서울시,강동구청장기,,2025-01-25,강동구민회관,25m,M,25-29,Breast200,,02:28.3,148.31,7,,T
,,서울시,강동구청장기,,2025-01-25,강동구민회관,25m,M,25-29,Breast200,,02:27.7,147.71,6,,T
,,서울시,강동구청장기,,2025-01-25,강동구민회관,25m,M,25-29,Breast200,,02:27.3,147.34,5,,T
,,서울시,강동구청장기,,2025-01-25,강동구민회관,25m,M,25-29,Breast200,,02:27.0,147.2,4,,T
,,서울시,강동구청장기,,2025-01-25,강동구민회관,25m,M,25-29,Breast200,,02:23.5,143.48,3,,T
,,서울시,강동구청장기,,2025-01-25,강동구민회관,25m,M,25-29,Breast200,,02:19.1,139.5,2,,T
,,서울시,강동구청장기,,2025-01-25,강동구민회관,25m,M,25-29,Breast200,,02:13.8,133.8,1,,T
,,서울시,강동구청장기,,2025-01-25,강동구민회관,25m,F,20-24,Breast200,,02:46.9,166.85,10,,T
,,서울시,강동구청장기,,2025-01-25,강동구민회관,25m,F,20-24,Breast200,,02:46.6,166.62,9,,T
,,서울시,강동구청장기,,2025-01-25,강동구민회관,25m,F,20-24,Breast200,,02:44.6,164.6,8,,T
,,서울시,강동구청장기,,2025-01-25,강동구민회관,25m,F,20-24,Breast200,,02:43.2,163.2,6,,T
,,서울시,강동구청장기,,2025-01-25,강동구민회관,25m,F,20-24,Breast200,,02:43.1,163.6,7,,T
,,서울시,강동구청장기,,2025-01-25,강동구민회관,25m,F,20-24,Breast200,,02:42.5,162.5,5,,T
,,서울시,강동구청장기,,2025-01-25,강동구민회관,25m,F,20-24,Breast200,,02:42.2,162.23,4,,T
,,서울시,강동구청장기,,2025-01-25,강동구민회관,25m,F,20-24,Breast200,,02:41.4,161.41,3,,T
,,서울시,강동구청장기,,2025-01-25,강동구민회관,25m,F,20-24,Breast200,,02:41.0,161,2,,T
,,서울시,강동구청장기,,2025-01-25,강동구민회관,25m,F,20-24,Breast200,,02:40.0,160,1,,T
,,서울시,강동구청장기,,2025-01-25,강동구민회관,25m,F,25-29,Breast200,,02:55.1,175.14,10,,T
,,서울시,강동구청장기,,2025-01-25,강동구민회관,25m,F,25-29,Breast200,,02:55.0,175,9,,T
,,서울시,강동구청장기,,2025-01-25,강동구민회관,25m,F,25-29,Breast200,,02:54.8,174.77,8,,T
,,서울시,강동구청장기,,2025-01-25,강동구민회관,25m,F,25-29,Breast200,,02:53.9,173.95,7,,T
,,서울시,강동구청장기,,2025-01-25,강동구민회관,25m,F,25-29,Breast200,,02:52.5,172.52,6,,T
,,서울시,강동구청장기,,2025-01-25,강동구민회관,25m,F,25-29,Breast200,,02:50.5,170.49,5,,T
,,서울시,강동구청장기,,2025-01-25,강동구민회관,25m,F,25-29,Breast200,,02:47.3,167.31,4,,T
,,서울시,강동구청장기,,2025-01-25,강동구민회관,25m,F,25-29,Breast200,,02:46.9,166.93,3,,T
,,서울시,강동구청장기,,2025-01-25,강동구민회관,25m,F,25-29,Breast200,,02:39.5,159.5,2,,T
,,서울시,강동구청장기,,2025-01-25,강동구민회관,25m,F,25-29,Breast200,,02:32.1,152.7,1,,T
,,서울시,강동구청장기,,2025-01-25,강동구민회관,25m,M,20-24,IM200,,02:16.8,136.77,10,,T
,,서울시,강동구청장기,,2025-01-25,강동구민회관,25m,M,20-24,IM200,,02:16.7,136.72,9,,T
,,서울시,강동구청장기,,2025-01-25,강동구민회관,25m,M,20-24,IM200,,02:16.6,136.59,8,,T
,,서울시,강동구청장기,,2025-01-25,강동구민회관,25m,M,20-24,IM200,,02:15.5,135.48,7,,T
,,서울시,강동구청장기,,2025-01-25,강동구민회관,25m,M,20-24,IM200,,02:15.0,135,5,,T
,,서울시,강동구청장기,,2025-01-25,강동구민회관,25m,M,20-24,IM200,,02:15.0,135,5,,T
,,서울시,강동구청장기,,2025-01-25,강동구민회관,25m,M,20-24,IM200,,02:13.7,133.72,4,,T
,,서울시,강동구청장기,,2025-01-25,강동구민회관,25m,M,20-24,IM200,,02:13.1,133.7,3,,T
,,서울시,강동구청장기,,2025-01-25,강동구민회관,25m,M,20-24,IM200,,02:09.9,129.94,2,,T
,,서울시,강동구청장기,,2025-01-25,강동구민회관,25m,M,20-24,IM200,,02:09.2,129.24,1,,T
,,서울시,강동구청장기,,2025-01-25,강동구민회관,25m,M,25-29,IM200,,02:18.0,138,10,,T
,,서울시,강동구청장기,,2025-01-25,강동구민회관,25m,M,25-29,IM200,,02:17.6,137.61,9,,T
,,서울시,강동구청장기,,2025-01-25,강동구민회관,25m,M,25-29,IM200,,02:17.5,137.49,8,,T
,,서울시,강동구청장기,,2025-01-25,강동구민회관,25m,M,25-29,IM200,,02:16.4,136.39,7,,T
,,서울시,강동구청장기,,2025-01-25,강동구민회관,25m,M,25-29,IM200,,02:16.2,136.18,6,,T
,,서울시,강동구청장기,,2025-01-25,강동구민회관,25m,M,25-29,IM200,,02:15.6,135.61,5,,T
,,서울시,강동구청장기,,2025-01-25,강동구민회관,25m,M,25-29,IM200,,02:15.0,135,4,,T
,,서울시,강동구청장기,,2025-01-25,강동구민회관,25m,M,25-29,IM200,,02:10.0,130,3,,T
,,서울시,강동구청장기,,2025-01-25,강동구민회관,25m,M,25-29,IM200,,02:09.6,129.64,2,,T
,,서울시,강동구청장기,,2025-01-25,강동구민회관,25m,M,25-29,IM200,,02:06.7,126.74,1,,T
,,서울시,강동구청장기,,2025-01-25,강동구민회관,25m,F,20-24,IM200,,02:32.5,152.5,10,,T
,,서울시,강동구청장기,,2025-01-25,강동구민회관,25m,F,20-24,IM200,,02:30.9,150.85,9,,T
,,서울시,강동구청장기,,2025-01-25,강동구민회관,25m,F,20-24,IM200,,02:30.8,150.81,8,,T
,,서울시,강동구청장기,,2025-01-25,강동구민회관,25m,F,20-24,IM200,,02:30.2,150.2,7,,T
,,서울시,강동구청장기,,2025-01-25,강동구민회관,25m,F,20-24,IM200,,02:30.0,149.99,6,,T
,,서울시,강동구청장기,,2025-01-25,강동구민회관,25m,F,20-24,IM200,,02:29.4,149.45,5,,T
,,서울시,강동구청장기,,2025-01-25,강동구민회관,25m,F,20-24,IM200,,02:28.8,148.77,4,,T
,,서울시,강동구청장기,,2025-01-25,강동구민회관,25m,F,20-24,IM200,,02:28.0,148,3,,T
,,서울시,강동구청장기,,2025-01-25,강동구민회관,25m,F,20-24,IM200,,02:24.8,144.81,2,,T
,,서울시,강동구청장기,,2025-01-25,강동구민회관,25m,F,20-24,IM200,,02:22.7,142.71,1,,T
,,서울시,강동구청장기,,2025-01-25,강동구민회관,25m,F,25-29,IM200,,02:37.3,157.26,10,,T
,,서울시,강동구청장기,,2025-01-25,강동구민회관,25m,F,25-29,IM200,,02:36.7,156.69,9,,T
,,서울시,강동구청장기,,2025-01-25,강동구민회관,25m,F,25-29,IM200,,02:35.9,155.89,8,,T
,,서울시,강동구청장기,,2025-01-25,강동구민회관,25m,F,25-29,IM200,,02:35.0,155,6,,T
,,서울시,강동구청장기,,2025-01-25,강동구민회관,25m,F,25-29,IM200,,02:35.0,155,6,,T
,,서울시,강동구청장기,,2025-01-25,강동구민회관,25m,F,25-29,IM200,,02:34.6,154.57,5,,T
,,서울시,강동구청장기,,2025-01-25,강동구민회관,25m,F,25-29,IM200,,02:34.5,154.47,4,,T
,,서울시,강동구청장기,,2025-01-25,강동구민회관,25m,F,25-29,IM200,,02:29.0,149,3,,T
,,서울시,강동구청장기,,2025-01-25,강동구민회관,25m,F,25-29,IM200,,02:25.4,145.37,2,,T
,,서울시,강동구청장기,,2025-01-25,강동구민회관,25m,F,25-29,IM200,,02:19.2,139.18,1,,T
,,서울시,강동구청장기,,2025-01-25,강동구민회관,25m,M,20-24,IM400,,04:59.8,299.78,10,,T
,,서울시,강동구청장기,,2025-01-25,강동구민회관,25m,M,20-24,IM400,,04:58.8,298.82,9,,T
,,서울시,강동구청장기,,2025-01-25,강동구민회관,25m,M,20-24,IM400,,04:55.9,295.91,8,,T
,,서울시,강동구청장기,,2025-01-25,강동구민회관,25m,M,20-24,IM400,,04:50.0,290,7,,T
,,서울시,강동구청장기,,2025-01-25,강동구민회관,25m,M,20-24,IM400,,04:46.1,286.14,6,,T
,,서울시,강동구청장기,,2025-01-25,강동구민회관,25m,M,20-24,IM400,,04:45.6,285.6,5,,T
,,서울시,강동구청장기,,2025-01-25,강동구민회관,25m,M,20-24,IM400,,04:45.5,285.5,4,,T
,,서울시,강동구청장기,,2025-01-25,강동구민회관,25m,M,20-24,IM400,,04:45.0,285,3,,T
,,서울시,강동구청장기,,2025-01-25,강동구민회관,25m,M,20-24,IM400,,04:44.7,284.73,2,,T
,,서울시,강동구청장기,,2025-01-25,강동구민회관,25m,M,20-24,IM400,,04:44.4,284.41,1,,T
,,서울시,강동구청장기,,2025-01-25,강동구민회관,25m,M,25-29,IM400,,05:00.0,300,9,,T
,,서울시,강동구청장기,,2025-01-25,강동구민회관,25m,M,25-29,IM400,,05:00.0,300,9,,T
,,서울시,강동구청장기,,2025-01-25,강동구민회관,25m,M,25-29,IM400,,04:58.4,298.43,8,,T
,,서울시,강동구청장기,,2025-01-25,강동구민회관,25m,M,25-29,IM400,,04:58.3,298.26,7,,T
,,서울시,강동구청장기,,2025-01-25,강동구민회관,25m,M,25-29,IM400,,04:56.2,296.22,6,,T
,,서울시,강동구청장기,,2025-01-25,강동구민회관,25m,M,25-29,IM400,,04:55.7,295.72,5,,T
,,서울시,강동구청장기,,2025-01-25,강동구민회관,25m,M,25-29,IM400,,04:55.0,295,4,,T
,,서울시,강동구청장기,,2025-01-25,강동구민회관,25m,M,25-29,IM400,,04:50.0,290,3,,T
,,서울시,강동구청장기,,2025-01-25,강동구민회관,25m,M,25-29,IM400,,04:42.7,282.68,2,,T
,,서울시,강동구청장기,,2025-01-25,강동구민회관,25m,M,25-29,IM400,,04:36.8,276.82,1,,T
,,서울시,강동구청장기,,2025-01-25,강동구민회관,25m,F,20-24,IM400,,05:51.2,351.18,10,,T
,,서울시,강동구청장기,,2025-01-25,강동구민회관,25m,F,20-24,IM400,,05:50.9,350.91,9,,T
,,서울시,강동구청장기,,2025-01-25,강동구민회관,25m,F,20-24,IM400,,05:45.1,345.13,8,,T
,,서울시,강동구청장기,,2025-01-25,강동구민회관,25m,F,20-24,IM400,,05:44.5,344.47,7,,T
,,서울시,강동구청장기,,2025-01-25,강동구민회관,25m,F,20-24,IM400,,05:43.9,343.93,6,,T
,,서울시,강동구청장기,,2025-01-25,강동구민회관,25m,F,20-24,IM400,,05:35.9,335.95,5,,T
,,서울시,강동구청장기,,2025-01-25,강동구민회관,25m,F,20-24,IM400,,05:31.3,331.33,4,,T
,,서울시,강동구청장기,,2025-01-25,강동구민회관,25m,F,20-24,IM400,,05:29.6,329.6,3,,T
,,서울시,강동구청장기,,2025-01-25,강동구민회관,25m,F,20-24,IM400,,05:26.6,326.59,2,,T
,,서울시,강동구청장기,,2025-01-25,강동구민회관,25m,F,20-24,IM400,,05:26.4,326.45,1,,T
,,서울시,강동구청장기,,2025-01-25,강동구민회관,25m,F,25-29,IM400,,06:02.1,362.6,10,,T
,,서울시,강동구청장기,,2025-01-25,강동구민회관,25m,F,25-29,IM400,,05:54.4,354.39,9,,T
,,서울시,강동구청장기,,2025-01-25,강동구민회관,25m,F,25-29,IM400,,05:52.3,352.31,8,,T
,,서울시,강동구청장기,,2025-01-25,강동구민회관,25m,F,25-29,IM400,,05:51.6,351.61,7,,T
,,서울시,강동구청장기,,2025-01-25,강동구민회관,25m,F,25-29,IM400,,05:51.2,351.21,6,,T
,,서울시,강동구청장기,,2025-01-25,강동구민회관,25m,F,25-29,IM400,,05:37.2,337.22,5,,T
,,서울시,강동구청장기,,2025-01-25,강동구민회관,25m,F,25-29,IM400,,05:30.8,330.78,4,,T
,,서울시,강동구청장기,,2025-01-25,강동구민회관,25m,F,25-29,IM400,,05:30.0,330,3,,T
,,서울시,강동구청장기,,2025-01-25,강동구민회관,25m,F,25-29,IM400,,05:19.8,319.84,2,,T
,,서울시,강동구청장기,,2025-01-25,강동구민회관,25m,F,25-29,IM400,,05:15.8,315.76,1,,T
,,서울시,강동구청장기,,2025-01-25,강동구민회관,25m,M,20-24,Free200,,01:57.1,117.1,10,,T
,,서울시,강동구청장기,,2025-01-25,강동구민회관,25m,M,20-24,Free200,,01:57.0,117,9,,T
,,서울시,강동구청장기,,2025-01-25,강동구민회관,25m,M,20-24,Free200,,01:56.9,116.91,8,,T
,,서울시,강동구청장기,,2025-01-25,강동구민회관,25m,M,20-24,Free200,,01:56.6,116.56,7,,T
,,서울시,강동구청장기,,2025-01-25,강동구민회관,25m,M,20-24,Free200,,01:56.0,116,5,,T
,,서울시,강동구청장기,,2025-01-25,강동구민회관,25m,M,20-24,Free200,,01:56.0,116,5,,T
,,서울시,강동구청장기,,2025-01-25,강동구민회관,25m,M,20-24,Free200,,01:55.5,115.5,4,,T
,,서울시,강동구청장기,,2025-01-25,강동구민회관,25m,M,20-24,Free200,,01:55.3,115.28,3,,T
,,서울시,강동구청장기,,2025-01-25,강동구민회관,25m,M,20-24,Free200,,01:55.0,115,2,,T
,,서울시,강동구청장기,,2025-01-25,강동구민회관,25m,M,20-24,Free200,,01:54.2,114.16,1,,T
,,서울시,강동구청장기,,2025-01-25,강동구민회관,25m,M,25-29,Free200,,02:06.1,126.12,10,,T
,,서울시,강동구청장기,,2025-01-25,강동구민회관,25m,M,25-29,Free200,,02:05.1,125.12,9,,T
,,서울시,강동구청장기,,2025-01-25,강동구민회관,25m,M,25-29,Free200,,02:05.0,125,8,,T
,,서울시,강동구청장기,,2025-01-25,강동구민회관,25m,M,25-29,Free200,,02:03.1,123.12,6,,T
,,서울시,강동구청장기,,2025-01-25,강동구민회관,25m,M,25-29,Free200,,02:03.1,123.1,5,,T
,,서울시,강동구청장기,,2025-01-25,강동구민회관,25m,M,25-29,Free200,,02:03.1,123.9,7,,T
,,서울시,강동구청장기,,2025-01-25,강동구민회관,25m,M,25-29,Free200,,02:02.9,122.94,4,,T
,,서울시,강동구청장기,,2025-01-25,강동구민회관,25m,M,25-29,Free200,,02:02.9,122.92,3,,T
,,서울시,강동구청장기,,2025-01-25,강동구민회관,25m,M,25-29,Free200,,02:02.0,122,2,,T
,,서울시,강동구청장기,,2025-01-25,강동구민회관,25m,M,25-29,Free200,,02:01.6,121.62,1,,T
,,서울시,강동구청장기,,2025-01-25,강동구민회관,25m,F,20-24,Free200,,02:14.8,134.82,10,,T
,,서울시,강동구청장기,,2025-01-25,강동구민회관,25m,F,20-24,Free200,,02:14.0,134.1,9,,T
,,서울시,강동구청장기,,2025-01-25,강동구민회관,25m,F,20-24,Free200,,02:14.0,134,8,,T
,,서울시,강동구청장기,,2025-01-25,강동구민회관,25m,F,20-24,Free200,,02:14.0,133.96,7,,T
,,서울시,강동구청장기,,2025-01-25,강동구민회관,25m,F,20-24,Free200,,02:13.0,133,6,,T
,,서울시,강동구청장기,,2025-01-25,강동구민회관,25m,F,20-24,Free200,,02:12.3,132.28,5,,T
,,서울시,강동구청장기,,2025-01-25,강동구민회관,25m,F,20-24,Free200,,02:11.8,131.85,4,,T
,,서울시,강동구청장기,,2025-01-25,강동구민회관,25m,F,20-24,Free200,,02:11.8,131.76,3,,T
,,서울시,강동구청장기,,2025-01-25,강동구민회관,25m,F,20-24,Free200,,02:11.2,131.2,2,,T
,,서울시,강동구청장기,,2025-01-25,강동구민회관,25m,F,20-24,Free200,,02:11.1,131.14,1,,T
,,서울시,강동구청장기,,2025-01-25,강동구민회관,25m,F,25-29,Free200,,02:31.2,151.18,10,,T
,,서울시,강동구청장기,,2025-01-25,강동구민회관,25m,F,25-29,Free200,,02:30.8,150.83,9,,T
,,서울시,강동구청장기,,2025-01-25,강동구민회관,25m,F,25-29,Free200,,02:30.3,150.3,8,,T
,,서울시,강동구청장기,,2025-01-25,강동구민회관,25m,F,25-29,Free200,,02:30.2,150.15,7,,T
,,서울시,강동구청장기,,2025-01-25,강동구민회관,25m,F,25-29,Free200,,02:30.0,150,6,,T
,,서울시,강동구청장기,,2025-01-25,강동구민회관,25m,F,25-29,Free200,,02:27.9,147.93,5,,T
,,서울시,강동구청장기,,2025-01-25,강동구민회관,25m,F,25-29,Free200,,02:26.9,146.85,4,,T
,,서울시,강동구청장기,,2025-01-25,강동구민회관,25m,F,25-29,Free200,,02:25.6,145.64,3,,T
,,서울시,강동구청장기,,2025-01-25,강동구민회관,25m,F,25-29,Free200,,02:25.3,145.32,2,,T
,,서울시,강동구청장기,,2025-01-25,강동구민회관,25m,F,25-29,Free200,,02:25.2,145.15,1,,T
,,서울시,강동구청장기,,2025-01-25,강동구민회관,25m,M,20-24,Free400,,04:26.1,266.15,10,,T
,,서울시,강동구청장기,,2025-01-25,강동구민회관,25m,M,20-24,Free400,,04:26.0,265.96,9,,T
,,서울시,강동구청장기,,2025-01-25,강동구민회관,25m,M,20-24,Free400,,04:25.0,264.99,8,,T
,,서울시,강동구청장기,,2025-01-25,강동구민회관,25m,M,20-24,Free400,,04:20.5,260.5,7,,T
,,서울시,강동구청장기,,2025-01-25,강동구민회관,25m,M,20-24,Free400,,04:20.0,260,6,,T
,,서울시,강동구청장기,,2025-01-25,강동구민회관,25m,M,20-24,Free400,,04:17.7,257.71,5,,T
,,서울시,강동구청장기,,2025-01-25,강동구민회관,25m,M,20-24,Free400,,04:17.4,257.45,4,,T
,,서울시,강동구청장기,,2025-01-25,강동구민회관,25m,M,20-24,Free400,,04:15.0,255,3,,T
,,서울시,강동구청장기,,2025-01-25,강동구민회관,25m,M,20-24,Free400,,04:06.4,246.4,2,,T
,,서울시,강동구청장기,,2025-01-25,강동구민회관,25m,M,20-24,Free400,,04:05.2,245.2,1,,T
,,서울시,강동구청장기,,2025-01-25,강동구민회관,25m,M,25-29,Free400,,04:22.9,262.9,9,,T
,,서울시,강동구청장기,,2025-01-25,강동구민회관,25m,M,25-29,Free400,,04:20.0,260,8,,T
,,서울시,강동구청장기,,2025-01-25,강동구민회관,25m,M,25-29,Free400,,04:19.9,259.93,7,,T
,,서울시,강동구청장기,,2025-01-25,강동구민회관,25m,M,25-29,Free400,,04:15.0,255,6,,T
,,서울시,강동구청장기,,2025-01-25,강동구민회관,25m,M,25-29,Free400,,04:12.5,252.55,5,,T
,,서울시,강동구청장기,,2025-01-25,강동구민회관,25m,M,25-29,Free400,,04:08.2,248.21,4,,T
,,서울시,강동구청장기,,2025-01-25,강동구민회관,25m,M,25-29,Free400,,04:07.2,247.17,3,,T
,,서울시,강동구청장기,,2025-01-25,강동구민회관,25m,M,25-29,Free400,,04:06.9,246.87,2,,T
,,서울시,강동구청장기,,2025-01-25,강동구민회관,25m,M,25-29,Free400,,04:01.6,241.6,1,,T
,,서울시,강동구청장기,,2025-01-25,강동구민회관,25m,M,25-29,Free400,,04:55.3,295.32,10,,T
,,서울시,강동구청장기,,2025-01-25,강동구민회관,25m,F,20-24,Free400,,04:55.0,295,10,,T
,,서울시,강동구청장기,,2025-01-25,강동구민회관,25m,F,20-24,Free400,,04:53.8,293.78,9,,T
,,서울시,강동구청장기,,2025-01-25,강동구민회관,25m,F,20-24,Free400,,04:53.7,293.74,8,,T
,,서울시,강동구청장기,,2025-01-25,강동구민회관,25m,F,20-24,Free400,,04:47.1,287.1,7,,T
,,서울시,강동구청장기,,2025-01-25,강동구민회관,25m,F,20-24,Free400,,04:45.5,285.52,6,,T
,,서울시,강동구청장기,,2025-01-25,강동구민회관,25m,F,20-24,Free400,,04:43.6,283.58,5,,T
,,서울시,강동구청장기,,2025-01-25,강동구민회관,25m,F,20-24,Free400,,04:42.8,282.78,4,,T
,,서울시,강동구청장기,,2025-01-25,강동구민회관,25m,F,20-24,Free400,,04:41.7,281.7,3,,T
,,서울시,강동구청장기,,2025-01-25,강동구민회관,25m,F,20-24,Free400,,04:39.2,279.25,2,,T
,,서울시,강동구청장기,,2025-01-25,강동구민회관,25m,F,20-24,Free400,,04:31.7,271.7,1,,T
,,서울시,강동구청장기,,2025-01-25,강동구민회관,25m,F,25-29,Free400,,05:06.2,306.21,10,,T
,,서울시,강동구청장기,,2025-01-25,강동구민회관,25m,F,25-29,Free400,,05:00.6,300.59,9,,T
,,서울시,강동구청장기,,2025-01-25,강동구민회관,25m,F,25-29,Free400,,05:00.1,300.13,8,,T
,,서울시,강동구청장기,,2025-01-25,강동구민회관,25m,F,25-29,Free400,,04:51.9,291.85,7,,T
,,서울시,강동구청장기,,2025-01-25,강동구민회관,25m,F,25-29,Free400,,04:45.0,284.95,6,,T
,,서울시,강동구청장기,,2025-01-25,강동구민회관,25m,F,25-29,Free400,,04:40.1,280.14,5,,T
,,서울시,강동구청장기,,2025-01-25,강동구민회관,25m,F,25-29,Free400,,04:39.0,279,4,,T
,,서울시,강동구청장기,,2025-01-25,강동구민회관,25m,F,25-29,Free400,,04:34.0,274.3,3,,T
,,서울시,강동구청장기,,2025-01-25,강동구민회관,25m,F,25-29,Free400,,04:31.1,271.7,2,,T
,,서울시,강동구청장기,,2025-01-25,강동구민회관,25m,F,25-29,Free400,,04:26.8,266.75,1,,T
,,서울시,강동구청장기,,2025-01-25,강동구민회관,25m,M,20-24,Free800,,09:30.0,570,10,,T
,,서울시,강동구청장기,,2025-01-25,강동구민회관,25m,M,20-24,Free800,,09:27.2,567.2,9,,T
,,서울시,강동구청장기,,2025-01-25,강동구민회관,25m,M,20-24,Free800,,09:23.1,563.1,8,,T
,,서울시,강동구청장기,,2025-01-25,강동구민회관,25m,M,20-24,Free800,,09:20.8,560.82,7,,T
,,서울시,강동구청장기,,2025-01-25,강동구민회관,25m,M,20-24,Free800,,09:18.0,557.99,6,,T
,,서울시,강동구청장기,,2025-01-25,강동구민회관,25m,M,20-24,Free800,,09:16.1,556.12,5,,T
,,서울시,강동구청장기,,2025-01-25,강동구민회관,25m,M,20-24,Free800,,09:10.0,549.99,4,,T
,,서울시,강동구청장기,,2025-01-25,강동구민회관,25m,M,20-24,Free800,,08:59.5,539.5,3,,T
,,서울시,강동구청장기,,2025-01-25,강동구민회관,25m,M,20-24,Free800,,08:45.0,525,2,,T
,,서울시,강동구청장기,,2025-01-25,강동구민회관,25m,M,20-24,Free800,,08:27.6,507.64,1,,T
,,서울시,강동구청장기,,2025-01-25,강동구민회관,25m,M,25-29,Free800,,09:20.0,560,10,,T
,,서울시,강동구청장기,,2025-01-25,강동구민회관,25m,M,25-29,Free800,,09:06.0,546,9,,T
,,서울시,강동구청장기,,2025-01-25,강동구민회관,25m,M,25-29,Free800,,09:04.8,544.84,8,,T
,,서울시,강동구청장기,,2025-01-25,강동구민회관,25m,M,25-29,Free800,,09:00.0,540,7,,T
,,서울시,강동구청장기,,2025-01-25,강동구민회관,25m,M,25-29,Free800,,08:55.6,535.6,6,,T
,,서울시,강동구청장기,,2025-01-25,강동구민회관,25m,M,25-29,Free800,,08:49.0,529.1,5,,T
,,서울시,강동구청장기,,2025-01-25,강동구민회관,25m,M,25-29,Free800,,08:47.7,527.73,4,,T
,,서울시,강동구청장기,,2025-01-25,강동구민회관,25m,M,25-29,Free800,,08:42.6,522.62,3,,T
,,서울시,강동구청장기,,2025-01-25,강동구민회관,25m,M,25-29,Free800,,08:37.3,517.34,2,,T
,,서울시,강동구청장기,,2025-01-25,강동구민회관,25m,M,25-29,Free800,,08:36.6,516.56,1,,T
,,서울시,강동구청장기,,2025-01-25,강동구민회관,25m,F,20-24,Free800,,09:53.0,592.98,6,,T
,,서울시,강동구청장기,,2025-01-25,강동구민회관,25m,F,20-24,Free800,,09:52.7,592.7,5,,T
,,서울시,강동구청장기,,2025-01-25,강동구민회관,25m,F,20-24,Free800,,09:52.0,592.4,4,,T
,,서울시,강동구청장기,,2025-01-25,강동구민회관,25m,F,20-24,Free800,,09:50.1,590.1,3,,T
,,서울시,강동구청장기,,2025-01-25,강동구민회관,25m,F,20-24,Free800,,09:48.4,588.39,2,,T
,,서울시,강동구청장기,,2025-01-25,강동구민회관,25m,F,20-24,Free800,,09:46.2,586.22,1,,T
,,서울시,강동구청장기,,2025-01-25,강동구민회관,25m,F,20-24,Free800,,10:32.5,632.5,10,,T
,,서울시,강동구청장기,,2025-01-25,강동구민회관,25m,F,20-24,Free800,,10:19.2,619.17,9,,T
,,서울시,강동구청장기,,2025-01-25,강동구민회관,25m,F,20-24,Free800,,10:18.3,618.3,8,,T
,,서울시,강동구청장기,,2025-01-25,강동구민회관,25m,F,20-24,Free800,,09:58.0,598,7,,T
,,서울시,강동구청장기,,2025-01-25,강동구민회관,25m,F,25-29,Free800,,10:58.5,658.55,10,,T
,,서울시,강동구청장기,,2025-01-25,강동구민회관,25m,F,25-29,Free800,,10:55.8,655.84,9,,T
,,서울시,강동구청장기,,2025-01-25,강동구민회관,25m,F,25-29,Free800,,10:21.4,621.4,8,,T
,,서울시,강동구청장기,,2025-01-25,강동구민회관,25m,F,25-29,Free800,,10:14.1,614.15,7,,T
,,서울시,강동구청장기,,2025-01-25,강동구민회관,25m,F,25-29,Free800,,10:03.8,603.82,6,,T
,,서울시,강동구청장기,,2025-01-25,강동구민회관,25m,F,25-29,Free800,,09:48.6,588.62,5,,T
,,서울시,강동구청장기,,2025-01-25,강동구민회관,25m,F,25-29,Free800,,09:40.2,580.23,4,,T
,,서울시,강동구청장기,,2025-01-25,강동구민회관,25m,F,25-29,Free800,,09:40.0,580,3,,T
,,서울시,강동구청장기,,2025-01-25,강동구민회관,25m,F,25-29,Free800,,09:36.3,576.29,2,,T
,,서울시,강동구청장기,,2025-01-25,강동구민회관,25m,F,25-29,Free800,,09:07.6,547.57,1,,T
